日期,股票代码,开盘,收盘,最高,最低,成交量,成交额,振幅,涨跌幅,涨跌额,换手率
2021-03-30,600713,3.61,3.58,3.61,3.56,31628,13551534.0,1.39,-0.83,-0.03,0.3
2021-03-31,600713,3.57,3.62,3.63,3.56,38038,16336635.0,1.96,1.12,0.04,0.37
2021-04-01,600713,3.61,3.66,3.69,3.59,62212,27056012.0,2.76,1.1,0.04,0.6
2021-04-02,600713,3.66,3.65,3.7,3.63,44752,19544005.0,1.91,-0.27,-0.01,0.43
2021-04-06,600713,3.68,3.64,3.68,3.62,38288,16625473.0,1.64,-0.27,-0.01,0.37
2021-04-07,600713,3.63,3.66,3.67,3.62,40137,17461071.0,1.37,0.55,0.02,0.39
2021-04-08,600713,3.66,3.63,3.67,3.62,35578,15466139.0,1.37,-0.82,-0.03,0.34
2021-04-09,600713,3.63,3.64,3.66,3.6,33224,14352433.0,1.65,0.28,0.01,0.32
2021-04-12,600713,3.64,3.59,3.64,3.57,32640,14047026.0,1.92,-1.37,-0.05,0.31
2021-04-13,600713,3.58,3.58,3.6,3.56,22307,9549159.0,1.11,-0.28,-0.01,0.21
2021-04-14,600713,3.6,3.61,3.61,3.57,27115,11636292.0,1.12,0.84,0.03,0.26
2021-04-15,600713,3.62,3.61,3.63,3.58,34266,14747283.0,1.39,0.0,0.0,0.33
2021-04-16,600713,3.61,3.69,3.7,3.6,69806,30474528.0,2.77,2.22,0.08,0.67
2021-04-19,600713,3.7,3.67,3.7,3.65,43980,19227418.0,1.36,-0.54,-0.02,0.42
2021-04-20,600713,3.66,3.66,3.68,3.63,43646,19025468.0,1.36,-0.27,-0.01,0.42
2021-04-21,600713,3.67,3.74,3.84,3.64,193607,86331602.0,5.46,2.19,0.08,1.86
2021-04-22,600713,3.71,3.83,3.95,3.7,280810,127707046.0,6.68,2.41,0.09,2.7
2021-04-23,600713,3.83,3.7,3.83,3.69,144139,64110712.0,3.66,-3.39,-0.13,1.38
2021-04-26,600713,3.7,3.79,3.9,3.68,141810,63810330.0,5.95,2.43,0.09,1.36
2021-04-27,600713,3.77,3.85,3.85,3.7,115524,51887438.0,3.96,1.58,0.06,1.11
2021-04-28,600713,3.86,3.87,3.91,3.77,145983,66384201.0,3.64,0.52,0.02,1.4
2021-04-29,600713,3.83,3.81,3.89,3.78,100974,45707052.0,2.84,-1.55,-0.06,0.97
2021-04-30,600713,3.79,3.92,3.92,3.75,152455,69514098.0,4.46,2.89,0.11,1.46
2021-05-06,600713,3.93,3.85,3.95,3.83,110255,50369560.0,3.06,-1.79,-0.07,1.06
2021-05-07,600713,3.82,3.74,3.85,3.73,120007,53772071.0,3.12,-2.86,-0.11,1.15
2021-05-10,600713,3.7,3.78,3.79,3.7,73051,32456509.0,2.41,1.07,0.04,0.7
2021-05-11,600713,3.78,3.95,4.03,3.72,184916,84799458.0,8.2,4.5,0.17,1.78
2021-05-12,600713,3.92,4.03,4.06,3.88,197073,92077631.0,4.56,2.03,0.08,1.89
2021-05-13,600713,4.0,4.04,4.17,3.96,245117,117485780.0,5.21,0.25,0.01,2.35
2021-05-14,600713,4.08,4.03,4.08,3.99,137153,64732673.0,2.23,-0.25,-0.01,1.32
2021-05-17,600713,4.01,3.99,4.03,3.94,80671,37810938.0,2.23,-0.99,-0.04,0.77
2021-05-18,600713,3.97,4.09,4.09,3.95,99324,46938470.0,3.51,2.51,0.1,0.95
2021-05-19,600713,4.06,3.95,4.08,3.92,94394,44301217.0,3.91,-3.42,-0.14,0.91
2021-05-20,600713,3.93,3.94,4.01,3.92,54750,25483995.0,2.28,-0.25,-0.01,0.53
2021-05-21,600713,3.95,3.92,3.98,3.89,57075,26462445.0,2.28,-0.51,-0.02,0.55
2021-05-24,600713,3.92,3.99,4.01,3.91,61346,28686029.0,2.55,1.79,0.07,0.59
2021-05-25,600713,3.99,4.07,4.1,3.97,120175,56998657.0,3.26,2.01,0.08,1.15
2021-05-26,600713,4.55,4.55,4.55,4.54,379810,199396895.0,0.25,11.79,0.48,3.65
2021-05-27,600713,4.75,4.48,4.89,4.47,898654,471398208.0,9.23,-1.54,-0.07,8.63
2021-05-28,600713,4.44,4.99,4.99,4.44,420714,226775592.0,12.28,11.38,0.51,4.04
2021-05-31,600713,5.38,5.4,5.55,5.22,1570229,947360560.0,6.61,8.22,0.41,15.07
2021-06-01,600713,5.11,5.2,5.54,5.09,997229,586356064.0,8.33,-3.7,-0.2,9.57
2021-06-02,600713,5.15,4.83,5.18,4.76,786604,435203712.0,8.08,-7.12,-0.37,7.55
2021-06-03,600713,4.79,4.78,4.98,4.75,454451,247637800.0,4.76,-1.04,-0.05,4.36
2021-06-04,600713,4.71,4.84,4.92,4.69,372368,201298852.0,4.81,1.26,0.06,3.57
2021-06-07,600713,4.77,4.61,4.77,4.54,367088,191043462.0,4.75,-4.75,-0.23,3.52
2021-06-08,600713,4.61,4.71,4.74,4.49,358790,186136045.0,5.42,2.17,0.1,3.44
2021-06-09,600713,4.63,4.62,4.7,4.57,219190,114493212.0,2.76,-1.91,-0.09,2.1
2021-06-10,600713,4.58,4.52,4.64,4.52,238988,123145847.0,2.6,-2.16,-0.1,2.29
2021-06-11,600713,4.49,4.38,4.55,4.38,264512,133605921.0,3.76,-3.1,-0.14,2.54
2021-06-15,600713,4.36,4.27,4.41,4.25,188220,92177330.0,3.65,-2.51,-0.11,1.81
2021-06-16,600713,4.28,4.19,4.31,4.17,152706,73780607.0,3.28,-1.87,-0.08,1.47
2021-06-17,600713,4.19,4.24,4.29,4.19,133166,64434861.0,2.39,1.19,0.05,1.28
2021-06-18,600713,4.28,4.17,4.28,4.12,163382,77808353.0,3.77,-1.65,-0.07,1.57
2021-06-21,600713,4.19,4.31,4.34,4.14,206267,99722249.0,4.8,3.36,0.14,1.98
2021-06-22,600713,4.32,4.26,4.33,4.23,144666,70234158.0,2.32,-1.16,-0.05,1.39
2021-06-23,600713,4.27,4.2,4.28,4.16,152311,72845368.0,2.82,-1.41,-0.06,1.46
2021-06-24,600713,4.27,4.18,4.28,4.18,119114,57404753.0,2.38,-0.48,-0.02,1.14
2021-06-25,600713,4.18,4.28,4.28,4.15,127273,61269034.0,3.11,2.39,0.1,1.22
2021-06-28,600713,4.26,4.2,4.27,4.18,108149,51906621.0,2.1,-1.87,-0.08,1.04
2021-06-29,600713,4.21,4.13,4.22,4.12,111230,52718714.0,2.38,-1.67,-0.07,1.07
2021-06-30,600713,4.13,4.15,4.18,4.1,93466,44212121.0,1.94,0.48,0.02,0.9
2021-07-01,600713,4.15,4.38,4.48,4.11,402592,198270170.0,8.92,5.54,0.23,3.87
2021-07-02,600713,4.38,4.3,4.38,4.21,206857,100789476.0,3.88,-1.83,-0.08,1.99
2021-07-05,600713,4.28,4.25,4.3,4.21,111670,53922728.0,2.09,-1.16,-0.05,1.07
2021-07-06,600713,4.26,4.22,4.29,4.16,119171,57048165.0,3.06,-0.71,-0.03,1.14
2021-07-07,600713,4.19,4.17,4.2,4.16,83284,39676709.0,0.95,-1.18,-0.05,0.8
2021-07-08,600713,4.16,4.01,4.17,3.99,179953,83680698.0,4.32,-3.84,-0.16,1.73
2021-07-09,600713,4.01,4.06,4.07,3.93,119711,54845920.0,3.49,1.25,0.05,1.15
2021-07-12,600713,4.06,4.02,4.07,4.0,101131,46738028.0,1.72,-0.99,-0.04,0.97
2021-07-13,600713,4.02,4.01,4.04,3.99,65746,30226355.0,1.24,-0.25,-0.01,0.63
2021-07-14,600713,4.02,4.09,4.14,3.99,160878,75316585.0,3.74,2.0,0.08,1.54
2021-07-15,600713,4.06,4.0,4.07,3.96,96555,44370094.0,2.69,-2.2,-0.09,0.93
2021-07-16,600713,4.0,3.97,4.01,3.94,98834,45097444.0,1.75,-0.75,-0.03,0.95
2021-07-19,600713,3.98,4.1,4.11,3.94,138181,63979945.0,4.28,3.27,0.13,1.33
2021-07-20,600713,4.06,4.08,4.09,4.02,84499,39285791.0,1.71,-0.49,-0.02,0.81
2021-07-21,600713,4.11,4.09,4.11,4.03,85269,39706905.0,1.96,0.25,0.01,0.82
2021-07-22,600713,4.08,4.04,4.08,4.03,84734,39259325.0,1.22,-1.22,-0.05,0.81
2021-07-23,600713,4.05,3.97,4.05,3.96,86292,39440208.0,2.23,-1.73,-0.07,0.83
2021-07-26,600713,3.97,3.85,3.97,3.82,100277,44829512.0,3.78,-3.02,-0.12,0.96
2021-07-27,600713,3.85,3.78,3.89,3.77,82477,36337880.0,3.12,-1.82,-0.07,0.79
2021-07-28,600713,3.76,3.68,3.77,3.6,91487,38942254.0,4.5,-2.65,-0.1,0.88
2021-07-29,600713,3.69,3.69,3.74,3.67,59742,25618288.0,1.9,0.27,0.01,0.57
2021-07-30,600713,3.67,3.74,3.74,3.58,102099,43337165.0,4.34,1.36,0.05,0.98
2021-08-02,600713,3.74,3.79,3.79,3.68,72043,31265489.0,2.94,1.34,0.05,0.69
2021-08-03,600713,3.76,3.82,3.86,3.76,90921,40192418.0,2.64,0.79,0.03,0.87
2021-08-04,600713,3.79,3.81,3.82,3.77,53056,23285223.0,1.31,-0.26,-0.01,0.51
2021-08-05,600713,3.81,3.78,3.85,3.77,60367,26595469.0,2.1,-0.79,-0.03,0.58
2021-08-06,600713,3.8,3.71,3.8,3.69,60588,26169430.0,2.91,-1.85,-0.07,0.58
2021-08-09,600713,3.69,3.78,3.79,3.67,59759,25985745.0,3.23,1.89,0.07,0.57
2021-08-10,600713,3.78,3.82,3.83,3.78,57460,25269445.0,1.32,1.06,0.04,0.55
2021-08-11,600713,3.82,3.79,3.85,3.78,58177,25607883.0,1.83,-0.79,-0.03,0.56
2021-08-12,600713,3.78,3.79,3.82,3.77,51279,22441513.0,1.32,0.0,0.0,0.49
2021-08-13,600713,3.79,3.79,3.8,3.76,57128,24956974.0,1.06,0.0,0.0,0.55
2021-08-16,600713,3.79,3.82,3.84,3.77,66427,29268492.0,1.85,0.79,0.03,0.64
2021-08-17,600713,3.81,3.71,3.82,3.69,90023,39135254.0,3.4,-2.88,-0.11,0.86
2021-08-18,600713,3.69,3.73,3.75,3.69,62057,26734252.0,1.62,0.54,0.02,0.6
2021-08-19,600713,3.73,3.7,3.75,3.69,49708,21379085.0,1.61,-0.8,-0.03,0.48
2021-08-20,600713,3.69,3.72,3.72,3.63,81917,34862238.0,2.43,0.54,0.02,0.79
2021-08-23,600713,3.74,3.74,3.77,3.72,80614,34889438.0,1.34,0.54,0.02,0.77
2021-08-24,600713,3.73,3.77,3.8,3.7,96711,42098932.0,2.67,0.8,0.03,0.93
2021-08-25,600713,3.74,3.83,3.83,3.74,80148,35125516.0,2.39,1.59,0.06,0.77
2021-08-26,600713,3.83,3.82,3.85,3.79,70106,30885789.0,1.57,-0.26,-0.01,0.67
2021-08-27,600713,3.81,3.79,3.83,3.77,65606,28753101.0,1.57,-0.79,-0.03,0.63
2021-08-30,600713,3.79,3.8,3.83,3.78,73268,32214228.0,1.32,0.26,0.01,0.7
2021-08-31,600713,3.79,3.87,3.89,3.77,100955,44542322.0,3.16,1.84,0.07,0.97
2021-09-01,600713,3.86,3.9,3.91,3.83,113946,50838832.0,2.07,0.78,0.03,1.09
2021-09-02,600713,3.89,3.92,3.92,3.88,86858,38986907.0,1.03,0.51,0.02,0.83
2021-09-03,600713,3.92,3.96,3.99,3.9,108267,49200770.0,2.3,1.02,0.04,1.04
2021-09-06,600713,3.96,4.05,4.05,3.94,121170,55810660.0,2.78,2.27,0.09,1.16
2021-09-07,600713,4.05,4.07,4.08,4.01,128947,59838241.0,1.73,0.49,0.02,1.24
2021-09-08,600713,4.06,4.16,4.16,4.04,123785,58287374.0,2.95,2.21,0.09,1.19
2021-09-09,600713,4.15,4.24,4.26,4.12,166749,79695346.0,3.37,1.92,0.08,1.6
2021-09-10,600713,4.24,4.19,4.26,4.17,150299,72103368.0,2.12,-1.18,-0.05,1.44
2021-09-13,600713,4.15,4.13,4.15,4.04,163501,76743375.0,2.63,-1.43,-0.06,1.57
2021-09-14,600713,4.13,4.04,4.2,4.02,139113,65396486.0,4.36,-2.18,-0.09,1.34
2021-09-15,600713,4.04,4.07,4.12,4.01,106075,49339586.0,2.72,0.74,0.03,1.02
2021-09-16,600713,4.13,4.01,4.14,4.01,118367,55188214.0,3.19,-1.47,-0.06,1.14
2021-09-17,600713,4.04,4.05,4.09,4.0,94389,43689543.0,2.24,1.0,0.04,0.91
2021-09-22,600713,4.01,4.14,4.17,3.99,102885,48124153.0,4.44,2.22,0.09,0.99
2021-09-23,600713,4.15,4.17,4.21,4.12,109078,51877015.0,2.17,0.72,0.03,1.05
2021-09-24,600713,4.18,4.07,4.19,4.05,90268,42383894.0,3.36,-2.4,-0.1,0.87
2021-09-27,600713,4.05,4.01,4.09,3.9,107167,48969319.0,4.67,-1.47,-0.06,1.03
2021-09-28,600713,3.99,4.01,4.04,3.95,52191,24008589.0,2.24,0.0,0.0,0.5
2021-09-29,600713,4.0,3.87,4.01,3.86,81218,36556966.0,3.74,-3.49,-0.14,0.78
2021-09-30,600713,3.89,3.88,3.91,3.83,64725,28866817.0,2.07,0.26,0.01,0.62
2021-10-08,600713,3.89,4.03,4.03,3.87,86074,39337553.0,4.12,3.87,0.15,0.83
2021-10-11,600713,4.03,4.02,4.08,4.0,55980,25923029.0,1.99,-0.25,-0.01,0.54
2021-10-12,600713,4.0,3.98,4.02,3.93,53052,24239033.0,2.24,-1.0,-0.04,0.51
2021-10-13,600713,3.98,4.0,4.01,3.92,43882,20011178.0,2.26,0.5,0.02,0.42
2021-10-14,600713,4.01,3.97,4.01,3.94,37371,17029188.0,1.75,-0.75,-0.03,0.36
2021-10-15,600713,3.97,3.86,3.97,3.86,58784,26362058.0,2.77,-2.77,-0.11,0.56
2021-10-18,600713,3.88,3.89,3.9,3.81,52771,23435436.0,2.33,0.78,0.03,0.51
2021-10-19,600713,3.87,3.84,3.9,3.84,48416,21545150.0,1.54,-1.29,-0.05,0.46
2021-10-20,600713,3.85,3.82,3.85,3.8,43700,19278526.0,1.3,-0.52,-0.02,0.42
2021-10-21,600713,3.84,3.78,3.84,3.77,53892,23632461.0,1.83,-1.05,-0.04,0.52
2021-10-22,600713,3.77,3.74,3.81,3.74,50838,22153849.0,1.85,-1.06,-0.04,0.49
2021-10-25,600713,3.73,3.77,3.78,3.71,27400,11920917.0,1.87,0.8,0.03,0.26
2021-10-26,600713,3.76,3.73,3.78,3.72,31501,13664687.0,1.59,-1.06,-0.04,0.3
2021-10-27,600713,3.75,3.67,3.75,3.66,51563,22065343.0,2.41,-1.61,-0.06,0.5
2021-10-28,600713,3.67,3.62,3.68,3.6,45107,19093345.0,2.18,-1.36,-0.05,0.43
2021-10-29,600713,3.62,3.7,3.7,3.61,32989,14056015.0,2.49,2.21,0.08,0.32
2021-11-01,600713,3.71,3.75,3.78,3.68,45675,19792026.0,2.7,1.35,0.05,0.44
2021-11-02,600713,3.78,3.67,3.78,3.62,52541,22495611.0,4.27,-2.13,-0.08,0.5
2021-11-03,600713,3.67,3.7,3.74,3.67,33980,14586355.0,1.91,0.82,0.03,0.33
2021-11-04,600713,3.7,3.74,3.76,3.67,35708,15367418.0,2.43,1.08,0.04,0.34
2021-11-05,600713,3.73,3.72,3.75,3.7,31815,13722031.0,1.34,-0.53,-0.02,0.31
2021-11-08,600713,3.7,3.72,3.75,3.69,36880,15910768.0,1.61,0.0,0.0,0.35
2021-11-09,600713,3.73,3.74,3.75,3.72,24068,10404507.0,0.81,0.54,0.02,0.23
2021-11-10,600713,3.74,3.77,3.77,3.71,43637,18915304.0,1.6,0.8,0.03,0.42
2021-11-11,600713,3.77,3.79,3.81,3.76,46186,20226789.0,1.33,0.53,0.02,0.44
2021-11-12,600713,3.79,3.8,3.82,3.76,41544,18190743.0,1.58,0.26,0.01,0.4
2021-11-15,600713,3.8,3.83,3.83,3.78,38469,16925108.0,1.32,0.79,0.03,0.37
2021-11-16,600713,3.83,3.8,3.84,3.78,38510,16962315.0,1.57,-0.78,-0.03,0.37
2021-11-17,600713,3.8,3.83,3.83,3.78,45988,20239931.0,1.32,0.79,0.03,0.44
2021-11-18,600713,3.83,3.79,3.83,3.76,48309,21157357.0,1.83,-1.04,-0.04,0.46
2021-11-19,600713,3.79,3.8,3.83,3.75,43608,19090184.0,2.11,0.26,0.01,0.42
2021-11-22,600713,3.81,3.8,3.81,3.77,29524,12932704.0,1.05,0.0,0.0,0.28
2021-11-23,600713,3.8,3.8,3.8,3.76,30127,13185500.0,1.05,0.0,0.0,0.29
2021-11-24,600713,3.81,3.82,3.83,3.78,40865,17949886.0,1.32,0.53,0.02,0.39
2021-11-25,600713,3.83,3.91,3.92,3.81,127798,57122028.0,2.88,2.36,0.09,1.23
2021-11-26,600713,3.91,3.85,3.93,3.85,61070,27236512.0,2.05,-1.53,-0.06,0.59
2021-11-29,600713,3.83,3.82,3.89,3.81,58451,25892137.0,2.08,-0.78,-0.03,0.56
2021-11-30,600713,3.83,3.88,3.89,3.81,61834,27488247.0,2.09,1.57,0.06,0.59
2021-12-01,600713,3.89,3.91,3.91,3.86,63149,28274588.0,1.29,0.77,0.03,0.61
2021-12-02,600713,3.91,3.85,3.92,3.85,57024,25507432.0,1.79,-1.53,-0.06,0.55
2021-12-03,600713,3.85,3.88,3.89,3.85,40587,18121306.0,1.04,0.78,0.03,0.39
2021-12-06,600713,3.88,3.83,3.88,3.82,46742,20732040.0,1.55,-1.29,-0.05,0.45
2021-12-07,600713,3.84,3.82,3.85,3.77,43400,19125694.0,2.09,-0.26,-0.01,0.42
2021-12-08,600713,3.82,3.83,3.85,3.8,36080,15918670.0,1.31,0.26,0.01,0.35
2021-12-09,600713,3.84,3.89,3.95,3.82,92855,41608762.0,3.39,1.57,0.06,0.89
2021-12-10,600713,3.89,3.9,3.91,3.86,44060,19720256.0,1.29,0.26,0.01,0.42
2021-12-13,600713,3.91,3.93,3.96,3.88,60666,27394908.0,2.05,0.77,0.03,0.58
2021-12-14,600713,3.94,3.98,3.98,3.92,72440,32920702.0,1.53,1.27,0.05,0.7
2021-12-15,600713,3.95,3.93,3.98,3.91,71177,32296436.0,1.76,-1.26,-0.05,0.68
2021-12-16,600713,3.93,3.96,3.97,3.9,56747,25761502.0,1.78,0.76,0.03,0.54
2021-12-17,600713,3.96,3.94,3.99,3.92,53408,24218763.0,1.77,-0.51,-0.02,0.51
2021-12-20,600713,3.93,3.99,4.02,3.91,89664,41070497.0,2.79,1.27,0.05,0.86
2021-12-21,600713,3.99,4.08,4.09,3.96,102581,47493093.0,3.26,2.26,0.09,0.98
2021-12-22,600713,4.1,4.08,4.11,4.04,75581,35275447.0,1.72,0.0,0.0,0.73
2021-12-23,600713,4.08,4.0,4.09,3.99,64349,29651379.0,2.45,-1.96,-0.08,0.62
2021-12-24,600713,3.98,4.1,4.14,3.96,144633,67321377.0,4.5,2.5,0.1,1.39
2021-12-27,600713,4.1,4.23,4.26,4.06,216212,103254482.0,4.88,3.17,0.13,2.08
2021-12-28,600713,4.23,4.13,4.23,4.07,146008,68929448.0,3.78,-2.36,-0.1,1.4
2021-12-29,600713,4.13,4.15,4.25,4.08,163669,78126009.0,4.12,0.48,0.02,1.57
2021-12-30,600713,4.17,4.15,4.17,4.09,96833,45719072.0,1.93,0.0,0.0,0.93
2021-12-31,600713,4.15,4.32,4.37,4.14,241795,118089278.0,5.54,4.1,0.17,2.32
2022-01-04,600713,4.33,4.47,4.53,4.33,317919,160871691.0,4.63,3.47,0.15,3.05
2022-01-05,600713,4.47,4.31,4.47,4.27,217544,106954635.0,4.47,-3.58,-0.16,2.09
2022-01-06,600713,4.31,4.48,4.49,4.27,203355,100807880.0,5.1,3.94,0.17,1.95
2022-01-07,600713,4.53,4.25,4.53,4.25,268051,132442743.0,6.25,-5.13,-0.23,2.57
2022-01-10,600713,4.25,4.29,4.36,4.23,119307,58373919.0,3.06,0.94,0.04,1.15
2022-01-11,600713,4.33,4.4,4.5,4.29,291913,146552226.0,4.9,2.56,0.11,2.8
2022-01-12,600713,4.42,4.45,4.5,4.35,199895,100676142.0,3.41,1.14,0.05,1.92
2022-01-13,600713,4.44,4.35,4.46,4.33,175120,87255667.0,2.92,-2.25,-0.1,1.68
2022-01-14,600713,4.35,4.34,4.42,4.29,185933,91972749.0,2.99,-0.23,-0.01,1.79
2022-01-17,600713,4.33,4.34,4.4,4.26,153120,75062262.0,3.23,0.0,0.0,1.47
2022-01-18,600713,4.34,4.16,4.34,4.15,165419,79433695.0,4.38,-4.15,-0.18,1.59
2022-01-19,600713,4.16,4.2,4.24,4.15,134346,64323605.0,2.16,0.96,0.04,1.29
2022-01-20,600713,4.24,4.13,4.25,4.11,97520,46396947.0,3.33,-1.67,-0.07,0.94
2022-01-21,600713,4.12,4.16,4.23,4.04,157333,74689676.0,4.6,0.73,0.03,1.51
2022-01-24,600713,4.17,4.1,4.18,4.06,90504,42403302.0,2.88,-1.44,-0.06,0.87
2022-01-25,600713,4.1,3.9,4.1,3.83,172468,78077494.0,6.59,-4.88,-0.2,1.66
2022-01-26,600713,3.89,3.91,3.94,3.87,76111,34242445.0,1.79,0.26,0.01,0.73
2022-01-27,600713,3.91,3.82,3.94,3.82,61344,27311507.0,3.07,-2.3,-0.09,0.59
2022-01-28,600713,3.85,3.9,3.93,3.81,64970,29049956.0,3.14,2.09,0.08,0.62
2022-02-07,600713,3.97,3.95,3.99,3.88,69884,31720815.0,2.82,1.28,0.05,0.67
2022-02-08,600713,3.94,4.14,4.14,3.93,124137,57702062.0,5.32,4.81,0.19,1.19
2022-02-09,600713,4.13,4.14,4.16,4.09,64953,30674684.0,1.69,0.0,0.0,0.62
2022-02-10,600713,4.14,4.12,4.18,4.11,56981,26924195.0,1.69,-0.48,-0.02,0.55
2022-02-11,600713,4.11,4.04,4.16,4.03,66474,31035582.0,3.16,-1.94,-0.08,0.64
2022-02-14,600713,4.03,4.03,4.1,4.01,41620,19343815.0,2.23,-0.25,-0.01,0.4
2022-02-15,600713,4.02,4.03,4.08,3.99,48588,22455304.0,2.23,0.0,0.0,0.47
2022-02-16,600713,4.04,4.07,4.09,4.04,46921,21873664.0,1.24,0.99,0.04,0.45
2022-02-17,600713,4.07,4.03,4.12,4.01,70852,32925458.0,2.7,-0.98,-0.04,0.68
2022-02-18,600713,4.02,4.06,4.06,3.98,60975,28166446.0,1.99,0.74,0.03,0.59
2022-02-21,600713,4.06,4.14,4.15,4.05,80300,37701531.0,2.46,1.97,0.08,0.77
2022-02-22,600713,4.12,4.1,4.12,4.05,72419,33861483.0,1.69,-0.97,-0.04,0.7
2022-02-23,600713,4.08,4.1,4.14,4.02,63780,29805719.0,2.93,0.0,0.0,0.61
2022-02-24,600713,4.08,3.99,4.14,3.94,117453,54539091.0,4.88,-2.68,-0.11,1.13
2022-02-25,600713,4.01,4.06,4.09,3.99,103317,47865927.0,2.51,1.75,0.07,0.99
2022-02-28,600713,4.04,4.02,4.08,3.99,59134,27237717.0,2.22,-0.99,-0.04,0.57
2022-03-01,600713,4.03,4.04,4.06,4.0,51274,23684098.0,1.49,0.5,0.02,0.49
2022-03-02,600713,4.04,4.13,4.14,4.02,98633,46242004.0,2.97,2.23,0.09,0.95
2022-03-03,600713,4.15,4.2,4.21,4.14,103943,49543900.0,1.69,1.69,0.07,1.0
2022-03-04,600713,4.2,4.29,4.36,4.17,233766,114034827.0,4.52,2.14,0.09,2.24
2022-03-07,600713,4.31,4.24,4.31,4.21,158154,76809615.0,2.33,-1.17,-0.05,1.52
2022-03-08,600713,4.25,4.09,4.26,4.04,152283,71857623.0,5.19,-3.54,-0.15,1.46
2022-03-09,600713,4.09,3.98,4.13,3.82,116735,53473738.0,7.58,-2.69,-0.11,1.12
2022-03-10,600713,4.04,4.44,4.44,4.04,193183,95155373.0,10.05,11.56,0.46,1.85
2022-03-11,600713,4.49,4.51,4.71,4.27,874787,443756720.0,9.91,1.58,0.07,8.4
2022-03-14,600713,4.48,4.41,4.66,4.33,561001,286003040.0,7.32,-2.22,-0.1,5.39
2022-03-15,600713,4.31,4.32,4.51,4.26,517743,259219581.0,5.67,-2.04,-0.09,4.97
2022-03-16,600713,4.39,4.57,4.58,4.28,555053,279457216.0,6.94,5.79,0.25,5.33
2022-03-17,600713,4.58,4.47,4.66,4.44,590589,303616624.0,4.81,-2.19,-0.1,5.67
2022-03-18,600713,4.43,4.56,4.71,4.41,410695,212117928.0,6.71,2.01,0.09,3.94
2022-03-21,600713,4.61,5.08,5.08,4.6,490415,271529984.0,10.53,11.4,0.52,4.71
2022-03-22,600713,5.38,4.96,5.61,4.92,1302801,757347648.0,13.58,-2.36,-0.12,12.51
2022-03-23,600713,4.9,4.72,5.11,4.68,746263,404523568.0,8.67,-4.84,-0.24,7.16
2022-03-24,600713,4.66,4.98,5.05,4.63,764227,419433568.0,8.9,5.51,0.26,7.34
2022-03-25,600713,4.89,4.77,4.9,4.71,470851,252287037.0,3.82,-4.22,-0.21,4.52
2022-03-28,600713,4.76,4.91,4.98,4.72,500496,274533264.0,5.45,2.94,0.14,4.81
2022-03-29,600713,4.81,4.77,5.03,4.73,414851,226092498.0,6.11,-2.85,-0.14,3.98
2022-03-30,600713,4.75,4.81,4.84,4.58,410289,218153873.0,5.45,0.84,0.04,3.94
2022-03-31,600713,4.78,5.15,5.35,4.74,1104057,639000624.0,12.68,7.07,0.34,10.6
2022-04-01,600713,5.02,4.88,5.06,4.84,636043,351869408.0,4.27,-5.24,-0.27,6.11
2022-04-06,600713,4.9,4.92,5.05,4.88,387758,215076515.0,3.48,0.82,0.04,3.72
2022-04-07,600713,4.85,4.71,4.95,4.67,308193,165051729.0,5.69,-4.27,-0.21,2.96
2022-04-08,600713,4.67,4.57,4.75,4.49,247730,127659010.0,5.52,-2.97,-0.14,2.38
2022-04-11,600713,4.54,4.6,4.73,4.52,279849,146194784.0,4.6,0.66,0.03,2.69
2022-04-12,600713,4.6,4.68,4.71,4.54,202174,105676507.0,3.7,1.74,0.08,1.94
2022-04-13,600713,4.67,4.55,4.67,4.52,181272,93591293.0,3.21,-2.78,-0.13,1.74
2022-04-14,600713,4.54,4.68,4.76,4.54,216567,114554960.0,4.84,2.86,0.13,2.08
2022-04-15,600713,4.61,4.56,4.71,4.52,194542,100813304.0,4.06,-2.56,-0.12,1.87
2022-04-18,600713,4.51,4.49,4.53,4.36,128237,64477425.0,3.73,-1.54,-0.07,1.23
2022-04-19,600713,4.46,4.5,4.51,4.42,120774,61037160.0,2.0,0.22,0.01,1.16
2022-04-20,600713,4.5,4.35,4.54,4.32,165835,82856754.0,4.89,-3.33,-0.15,1.59
2022-04-21,600713,4.32,4.19,4.39,4.14,216319,104209958.0,5.75,-3.68,-0.16,2.08
2022-04-22,600713,4.18,4.09,4.22,4.04,173830,81627854.0,4.3,-2.39,-0.1,1.67
2022-04-25,600713,4.04,3.81,4.07,3.81,208039,94411463.0,6.36,-6.85,-0.28,2.0
2022-04-26,600713,3.81,3.85,4.0,3.78,188998,84671514.0,5.77,1.05,0.04,1.81
2022-04-27,600713,3.83,3.9,3.91,3.61,247709,107456274.0,7.79,1.3,0.05,2.38
2022-04-28,600713,3.9,3.83,3.99,3.76,166634,74160148.0,5.9,-1.79,-0.07,1.6
2022-04-29,600713,3.85,4.01,4.03,3.85,171007,78022370.0,4.7,4.7,0.18,1.64
2022-05-05,600713,4.01,4.13,4.17,3.94,198644,92893721.0,5.74,2.99,0.12,1.91
2022-05-06,600713,4.03,4.03,4.12,3.97,164405,76032297.0,3.63,-2.42,-0.1,1.58
2022-05-09,600713,4.04,4.14,4.16,4.02,140698,66117690.0,3.47,2.73,0.11,1.35
2022-05-10,600713,4.12,4.16,4.17,4.01,154865,72635114.0,3.86,0.48,0.02,1.49
2022-05-11,600713,4.16,4.14,4.33,4.14,193548,93354623.0,4.57,-0.48,-0.02,1.86
2022-05-12,600713,4.1,4.26,4.28,4.08,190999,91970588.0,4.83,2.9,0.12,1.83
2022-05-13,600713,4.26,4.28,4.33,4.18,129370,62666269.0,3.52,0.47,0.02,1.24
2022-05-16,600713,4.3,4.26,4.31,4.22,115994,56283713.0,2.1,-0.47,-0.02,1.11
2022-05-17,600713,4.24,4.16,4.25,4.11,103423,49054883.0,3.29,-2.35,-0.1,0.99
2022-05-18,600713,4.14,4.12,4.2,4.11,103828,49268643.0,2.16,-0.96,-0.04,1.0
2022-05-19,600713,4.07,4.13,4.15,4.02,108298,50574241.0,3.16,0.24,0.01,1.04
2022-05-20,600713,4.12,4.18,4.18,4.11,97884,46399765.0,1.69,1.21,0.05,0.94
2022-05-23,600713,4.2,4.29,4.31,4.19,157369,76485920.0,2.87,2.63,0.11,1.51
2022-05-24,600713,4.3,4.06,4.33,4.04,150594,71670514.0,6.76,-5.36,-0.23,1.45
2022-05-25,600713,4.05,4.16,4.17,4.01,117380,55001812.0,3.94,2.46,0.1,1.13
2022-05-26,600713,4.2,4.19,4.21,3.98,116387,55229564.0,5.53,0.72,0.03,1.12
2022-05-27,600713,4.19,4.18,4.24,4.16,115650,53925467.0,1.91,-0.24,-0.01,1.11
2022-05-30,600713,4.19,4.27,4.28,4.19,109035,51459583.0,2.15,2.15,0.09,1.05
2022-05-31,600713,4.28,4.3,4.31,4.21,99212,47055768.0,2.34,0.7,0.03,0.95
2022-06-01,600713,4.31,4.26,4.33,4.22,96253,45664447.0,2.56,-0.93,-0.04,0.92
2022-06-02,600713,4.24,4.21,4.26,4.18,95783,44775002.0,1.88,-1.17,-0.05,0.92
2022-06-06,600713,4.19,4.24,4.26,4.18,113678,53383498.0,1.9,0.71,0.03,1.09
2022-06-07,600713,4.23,4.28,4.3,4.16,134557,63136086.0,3.3,0.94,0.04,1.29
2022-06-08,600713,4.27,4.24,4.29,4.17,105207,49395901.0,2.8,-0.93,-0.04,1.01
2022-06-09,600713,4.23,4.16,4.25,4.15,87749,40859934.0,2.36,-1.89,-0.08,0.84
2022-06-10,600713,4.14,4.19,4.19,4.12,79245,36738230.0,1.68,0.72,0.03,0.76
2022-06-13,600713,4.16,4.13,4.18,4.09,101286,46614515.0,2.15,-1.43,-0.06,0.97
2022-06-14,600713,4.12,4.1,4.12,3.99,121893,55135004.0,3.15,-0.73,-0.03,1.17
2022-06-15,600713,4.1,4.16,4.21,4.09,127971,59211717.0,2.93,1.46,0.06,1.23
2022-06-16,600713,4.14,4.17,4.21,4.13,91617,42565148.0,1.92,0.24,0.01,0.88
2022-06-17,600713,4.16,4.11,4.19,4.07,91743,42069941.0,2.88,-1.44,-0.06,0.88
2022-06-20,600713,4.1,4.15,4.17,4.1,70730,32623924.0,1.7,0.97,0.04,0.68
2022-06-21,600713,4.15,4.24,4.33,4.14,205880,97139646.0,4.58,2.17,0.09,1.98
2022-06-22,600713,4.23,4.36,4.48,4.21,297329,143148523.0,6.37,2.83,0.12,2.85
2022-06-23,600713,4.38,4.48,4.53,4.31,387969,190113443.0,5.05,2.75,0.12,3.72
2022-06-24,600713,4.44,4.38,4.49,4.34,209726,101830669.0,3.35,-2.23,-0.1,2.01
2022-06-27,600713,4.38,4.39,4.46,4.35,168691,82181854.0,2.51,0.23,0.01,1.62
2022-06-28,600713,4.38,4.4,4.41,4.34,142928,69318018.0,1.59,0.23,0.01,1.37
2022-06-29,600713,4.39,4.34,4.43,4.34,148147,71869415.0,2.05,-1.36,-0.06,1.42
2022-06-30,600713,4.35,4.4,4.45,4.31,125452,61103254.0,3.23,1.38,0.06,1.2
2022-07-01,600713,4.41,4.37,4.41,4.34,86785,42010868.0,1.59,-0.68,-0.03,0.83
2022-07-04,600713,4.37,4.44,4.45,4.35,118417,57888332.0,2.29,1.6,0.07,1.14
2022-07-05,600713,4.45,4.4,4.47,4.35,94943,46152885.0,2.7,-0.9,-0.04,0.91
2022-07-06,600713,4.4,4.33,4.4,4.29,104300,50008497.0,2.5,-1.59,-0.07,1.0
2022-07-07,600713,4.33,4.3,4.36,4.29,67712,32411932.0,1.62,-0.69,-0.03,0.65
2022-07-08,600713,4.29,4.41,4.43,4.28,137210,66381870.0,3.49,2.56,0.11,1.32
2022-07-11,600713,4.45,4.65,4.68,4.4,494862,250839193.0,6.35,5.44,0.24,4.75
2022-07-12,600713,4.64,4.5,4.64,4.48,290281,145579422.0,3.44,-3.23,-0.15,2.79
2022-07-13,600713,4.49,4.52,4.52,4.43,192754,95085006.0,2.0,0.44,0.02,1.85
2022-07-14,600713,4.48,4.44,4.54,4.42,166925,82353710.0,2.65,-1.77,-0.08,1.6
2022-07-15,600713,4.43,4.22,4.43,4.22,192662,91914368.0,4.73,-4.95,-0.22,1.85
2022-07-18,600713,4.2,4.29,4.32,4.19,119877,56956814.0,3.08,1.66,0.07,1.15
2022-07-19,600713,4.28,4.3,4.33,4.25,99034,47140197.0,1.86,0.23,0.01,0.95
2022-07-20,600713,4.31,4.32,4.35,4.3,95445,45724930.0,1.16,0.47,0.02,0.92
2022-07-21,600713,4.31,4.32,4.36,4.27,103490,49561793.0,2.08,0.0,0.0,0.99
2022-07-22,600713,4.31,4.5,4.62,4.31,317238,157184985.0,7.18,4.17,0.18,3.05
2022-07-25,600713,4.51,4.54,4.67,4.5,230508,116308953.0,3.78,0.89,0.04,2.21
2022-07-26,600713,4.56,4.62,4.63,4.48,203721,102489345.0,3.3,1.76,0.08,1.96
2022-07-27,600713,4.62,4.57,4.65,4.55,118152,59690584.0,2.16,-1.08,-0.05,1.13
2022-07-28,600713,4.61,4.57,4.61,4.51,130558,65704660.0,2.19,0.0,0.0,1.25
2022-07-29,600713,4.54,4.49,4.57,4.47,96175,47889955.0,2.19,-1.75,-0.08,0.92
2022-08-01,600713,4.49,4.42,4.52,4.4,94920,46509598.0,2.67,-1.56,-0.07,0.91
2022-08-02,600713,4.38,4.19,4.4,4.13,202657,95182357.0,6.11,-5.2,-0.23,1.95
2022-08-03,600713,4.18,4.14,4.29,4.13,130131,61055780.0,3.82,-1.19,-0.05,1.25
2022-08-04,600713,4.17,4.19,4.21,4.11,95934,44486009.0,2.42,1.21,0.05,0.92
2022-08-05,600713,4.2,4.25,4.26,4.17,97657,45740312.0,2.15,1.43,0.06,0.94
2022-08-08,600713,4.24,4.26,4.29,4.23,79880,37779622.0,1.41,0.24,0.01,0.77
2022-08-09,600713,4.25,4.21,4.27,4.2,63498,29784667.0,1.64,-1.17,-0.05,0.61
2022-08-10,600713,4.2,4.18,4.2,4.15,67894,31499506.0,1.19,-0.71,-0.03,0.65
2022-08-11,600713,4.19,4.26,4.27,4.18,92729,43615056.0,2.15,1.91,0.08,0.89
2022-08-12,600713,4.25,4.27,4.29,4.23,85956,40696375.0,1.41,0.23,0.01,0.83
2022-08-15,600713,4.27,4.26,4.28,4.22,69826,32905711.0,1.41,-0.23,-0.01,0.67
2022-08-16,600713,4.26,4.28,4.29,4.25,71300,33790836.0,0.94,0.47,0.02,0.68
2022-08-17,600713,4.29,4.3,4.31,4.24,83407,39595622.0,1.64,0.47,0.02,0.8
2022-08-18,600713,4.28,4.24,4.28,4.21,70268,33097092.0,1.63,-1.4,-0.06,0.67
2022-08-19,600713,4.24,4.23,4.26,4.22,71110,33518937.0,0.94,-0.24,-0.01,0.68
2022-08-22,600713,4.2,4.27,4.27,4.18,62096,29249678.0,2.13,0.95,0.04,0.6
2022-08-23,600713,4.25,4.29,4.29,4.23,61946,29351162.0,1.41,0.47,0.02,0.59
2022-08-24,600713,4.29,4.22,4.31,4.21,91963,43472835.0,2.33,-1.63,-0.07,0.88
2022-08-25,600713,4.23,4.27,4.27,4.18,73636,34664031.0,2.13,1.18,0.05,0.71
2022-08-26,600713,4.27,4.3,4.3,4.24,84451,40175553.0,1.41,0.7,0.03,0.81
2022-08-29,600713,4.53,4.57,4.62,4.44,609715,305516501.0,4.19,6.28,0.27,5.85
2022-08-30,600713,4.55,4.65,4.74,4.53,392235,200277223.0,4.6,1.75,0.08,3.77
2022-08-31,600713,4.61,4.62,4.74,4.6,290607,149160761.0,3.01,-0.65,-0.03,2.79
2022-09-01,600713,4.64,4.8,4.87,4.62,334850,176044612.0,5.41,3.9,0.18,3.21
2022-09-02,600713,4.76,4.82,4.91,4.73,231657,122356357.0,3.75,0.42,0.02,2.22
2022-09-05,600713,4.82,4.77,4.88,4.68,250054,130694852.0,4.15,-1.04,-0.05,2.4
2022-09-06,600713,4.78,4.75,4.79,4.69,200269,103948663.0,2.1,-0.42,-0.02,1.92
2022-09-07,600713,4.76,4.67,4.76,4.64,130998,67417186.0,2.53,-1.68,-0.08,1.26
2022-09-08,600713,4.69,4.67,4.7,4.6,135290,69268039.0,2.14,0.0,0.0,1.3
2022-09-09,600713,4.67,4.7,4.77,4.66,122874,63681753.0,2.36,0.64,0.03,1.18
2022-09-13,600713,4.71,4.66,4.75,4.64,95532,49266747.0,2.34,-0.85,-0.04,0.92
2022-09-14,600713,4.6,4.65,4.67,4.57,100713,51214552.0,2.15,-0.21,-0.01,0.97
2022-09-15,600713,4.69,4.59,4.72,4.53,99204,50324831.0,4.09,-1.29,-0.06,0.95
2022-09-16,600713,4.59,4.45,4.61,4.44,111248,55505993.0,3.7,-3.05,-0.14,1.07
2022-09-19,600713,4.45,4.46,4.48,4.38,94769,46478682.0,2.25,0.22,0.01,0.91
2022-09-20,600713,4.49,4.48,4.55,4.44,112382,55789420.0,2.47,0.45,0.02,1.08
2022-09-21,600713,4.45,4.49,4.51,4.39,92651,45566053.0,2.68,0.22,0.01,0.89
2022-09-22,600713,4.47,4.35,4.49,4.34,96756,47130733.0,3.34,-3.12,-0.14,0.93
2022-09-23,600713,4.35,4.3,4.38,4.29,100578,48339409.0,2.07,-1.15,-0.05,0.97
2022-09-26,600713,4.27,4.17,4.28,4.15,122022,57162231.0,3.02,-3.02,-0.13,1.17
2022-09-27,600713,4.21,4.36,4.37,4.17,122608,58241804.0,4.8,4.56,0.19,1.18
2022-09-28,600713,4.35,4.27,4.37,4.26,95678,45759130.0,2.52,-2.06,-0.09,0.92
2022-09-29,600713,4.34,4.33,4.41,4.3,111622,53941422.0,2.58,1.41,0.06,1.07
2022-09-30,600713,4.31,4.39,4.44,4.3,132874,64560468.0,3.23,1.39,0.06,1.28
2022-10-10,600713,4.37,4.38,4.49,4.34,135706,66463433.0,3.42,-0.23,-0.01,1.3
2022-10-11,600713,4.34,4.36,4.44,4.22,112250,53549167.0,5.02,-0.46,-0.02,1.08
2022-10-12,600713,4.39,4.39,4.4,4.23,91978,43988104.0,3.9,0.69,0.03,0.88
2022-10-13,600713,4.36,4.52,4.56,4.35,150777,74509902.0,4.78,2.96,0.13,1.45
2022-10-14,600713,4.52,4.66,4.69,4.52,201034,102678195.0,3.76,3.1,0.14,1.93
2022-10-17,600713,4.64,4.69,4.76,4.62,150039,77556255.0,3.0,0.64,0.03,1.44
2022-10-18,600713,4.69,4.75,4.78,4.63,180789,94027560.0,3.2,1.28,0.06,1.74
2022-10-19,600713,4.73,4.66,4.78,4.62,151722,78084106.0,3.37,-1.89,-0.09,1.46
2022-10-20,600713,4.66,4.64,4.71,4.63,107777,55390301.0,1.72,-0.43,-0.02,1.03
2022-10-21,600713,4.63,4.69,4.74,4.61,90671,46794525.0,2.8,1.08,0.05,0.87
2022-10-24,600713,4.72,4.55,4.74,4.53,134166,68333292.0,4.48,-2.99,-0.14,1.29
2022-10-25,600713,4.59,4.51,4.63,4.46,95266,47572741.0,3.74,-0.88,-0.04,0.91
2022-10-26,600713,4.54,4.75,4.79,4.54,200055,103967688.0,5.54,5.32,0.24,1.92
2022-10-27,600713,4.72,4.8,4.83,4.7,174256,91299628.0,2.74,1.05,0.05,1.67
2022-10-28,600713,4.79,4.65,4.8,4.6,165354,85330595.0,4.17,-3.13,-0.15,1.59
2022-10-31,600713,4.66,4.68,4.76,4.59,218038,112253870.0,3.66,0.65,0.03,2.09
2022-11-01,600713,4.69,4.75,4.83,4.58,287818,148513983.0,5.34,1.5,0.07,2.76
2022-11-02,600713,4.77,4.83,4.99,4.72,386480,205738997.0,5.68,1.68,0.08,3.71
2022-11-03,600713,4.78,4.78,4.86,4.74,209385,110271381.0,2.48,-1.04,-0.05,2.01
2022-11-04,600713,4.81,4.86,4.91,4.79,205435,109259407.0,2.51,1.67,0.08,1.97
2022-11-07,600713,4.87,4.8,4.89,4.75,192102,101446911.0,2.88,-1.23,-0.06,1.84
2022-11-08,600713,4.8,4.82,4.83,4.71,133016,69759960.0,2.5,0.42,0.02,1.28
2022-11-09,600713,4.82,4.88,4.93,4.78,194167,103920844.0,3.11,1.24,0.06,1.86
2022-11-10,600713,4.85,4.94,5.05,4.82,240412,130094034.0,4.71,1.23,0.06,2.31
2022-11-11,600713,5.01,4.88,5.12,4.86,345751,188895257.0,5.26,-1.21,-0.06,3.32
2022-11-14,600713,4.83,5.09,5.13,4.77,380277,208675505.0,7.38,4.3,0.21,3.65
2022-11-15,600713,5.03,5.05,5.09,4.96,263693,144899175.0,2.55,-0.79,-0.04,2.53
2022-11-16,600713,5.04,5.0,5.09,4.97,181882,99721577.0,2.38,-0.99,-0.05,1.75
2022-11-17,600713,4.96,5.16,5.25,4.94,397623,222857225.0,6.2,3.2,0.16,3.82
2022-11-18,600713,5.16,5.21,5.29,5.09,351906,199946321.0,3.88,0.97,0.05,3.38
2022-11-21,600713,5.16,5.19,5.24,5.06,240555,135545774.0,3.45,-0.38,-0.02,2.31
2022-11-22,600713,5.15,5.04,5.28,4.98,290796,162050659.0,5.78,-2.89,-0.15,2.79
2022-11-23,600713,5.05,4.83,5.06,4.79,255195,136081858.0,5.36,-4.17,-0.21,2.45
2022-11-24,600713,4.85,4.94,4.98,4.82,199847,107554604.0,3.31,2.28,0.11,1.92
2022-11-25,600713,4.92,4.9,4.93,4.72,195590,103713677.0,4.25,-0.81,-0.04,1.88
2022-11-28,600713,4.86,4.9,5.05,4.82,200091,108026964.0,4.69,0.0,0.0,1.92
2022-11-29,600713,4.9,5.11,5.12,4.87,287028,158838658.0,5.1,4.29,0.21,2.76
2022-11-30,600713,5.04,5.06,5.15,5.01,189188,104816607.0,2.74,-0.98,-0.05,1.82
2022-12-01,600713,5.12,5.03,5.16,4.89,250251,136439396.0,5.34,-0.59,-0.03,2.4
2022-12-02,600713,5.02,5.12,5.13,4.92,228682,126168659.0,4.17,1.79,0.09,2.2
2022-12-05,600713,5.24,5.47,5.68,5.17,902822,538686078.0,9.96,6.84,0.35,8.67
2022-12-06,600713,5.47,5.22,5.52,5.18,626715,363486522.0,6.22,-4.57,-0.25,6.02
2022-12-07,600713,5.2,5.34,5.38,5.11,440938,252697641.0,5.17,2.3,0.12,4.23
2022-12-08,600713,5.31,5.28,5.41,5.21,324365,187119034.0,3.75,-1.12,-0.06,3.11
2022-12-09,600713,5.26,5.3,5.36,5.21,283193,163282292.0,2.84,0.38,0.02,2.72
2022-12-12,600713,5.35,5.46,5.47,5.29,509782,299948793.0,3.4,3.02,0.16,4.89
2022-12-13,600713,5.45,5.4,5.51,5.27,348255,202831181.0,4.4,-1.1,-0.06,3.34
2022-12-14,600713,5.37,5.18,5.37,5.16,294646,167389407.0,3.89,-4.07,-0.22,2.83
2022-12-15,600713,5.2,5.41,5.47,5.18,480852,281525446.0,5.6,4.44,0.23,4.62
2022-12-16,600713,5.36,5.44,5.53,5.33,446128,263045827.0,3.7,0.55,0.03,4.28
2022-12-19,600713,5.42,5.08,5.42,5.03,416849,233520930.0,7.17,-6.62,-0.36,4.0
2022-12-20,600713,5.04,4.89,5.05,4.87,237849,128127287.0,3.54,-3.74,-0.19,2.28
2022-12-21,600713,4.99,4.88,5.1,4.83,208993,112946264.0,5.52,-0.2,-0.01,2.01
2022-12-22,600713,4.91,4.73,4.93,4.71,214881,113157499.0,4.51,-3.07,-0.15,2.06
2022-12-23,600713,4.73,4.75,4.81,4.71,129412,67641918.0,2.11,0.42,0.02,1.24
2022-12-26,600713,4.79,4.67,4.8,4.63,163094,84246639.0,3.58,-1.68,-0.08,1.57
2022-12-27,600713,4.67,4.64,4.68,4.55,172922,87734021.0,2.78,-0.64,-0.03,1.66
2022-12-28,600713,4.62,4.58,4.64,4.56,120838,61256554.0,1.72,-1.29,-0.06,1.16
2022-12-29,600713,4.59,4.71,4.75,4.55,191468,98647364.0,4.37,2.84,0.13,1.84
2022-12-30,600713,4.72,4.65,4.72,4.63,109530,56198361.0,1.91,-1.27,-0.06,1.05
2023-01-03,600713,4.67,4.8,4.82,4.66,173619,90991345.0,3.44,3.23,0.15,1.67
2023-01-04,600713,4.8,4.79,4.81,4.73,104858,54923196.0,1.67,-0.21,-0.01,1.01
2023-01-05,600713,4.81,4.77,4.82,4.74,115433,60453495.0,1.67,-0.42,-0.02,1.11
2023-01-06,600713,4.77,4.72,4.77,4.69,110298,57291174.0,1.68,-1.05,-0.05,1.06
2023-01-09,600713,4.71,4.71,4.75,4.69,68499,35472828.0,1.27,-0.21,-0.01,0.66
2023-01-10,600713,4.72,4.66,4.72,4.64,103471,53117470.0,1.7,-1.06,-0.05,0.99
2023-01-11,600713,4.66,4.64,4.69,4.62,73754,37814815.0,1.5,-0.43,-0.02,0.71
2023-01-12,600713,4.64,4.63,4.67,4.6,63582,32399736.0,1.51,-0.22,-0.01,0.61
2023-01-13,600713,4.62,4.71,4.71,4.62,68274,35117584.0,1.94,1.73,0.08,0.66
2023-01-16,600713,4.72,4.76,4.77,4.71,94560,49314849.0,1.27,1.06,0.05,0.91
2023-01-17,600713,4.76,4.7,4.77,4.67,79019,40955442.0,2.1,-1.26,-0.06,0.76
2023-01-18,600713,4.71,4.72,4.73,4.68,55513,28770993.0,1.06,0.43,0.02,0.53
2023-01-19,600713,4.7,4.72,4.73,4.68,67827,35107598.0,1.06,0.0,0.0,0.65
2023-01-20,600713,4.73,4.78,4.79,4.72,80355,42032568.0,1.48,1.27,0.06,0.77
2023-01-30,600713,4.82,4.78,4.83,4.77,112840,59401725.0,1.26,0.0,0.0,1.08
2023-01-31,600713,4.77,4.79,4.8,4.75,80470,42182062.0,1.05,0.21,0.01,0.77
2023-02-01,600713,4.79,4.85,4.85,4.76,113091,59701321.0,1.88,1.25,0.06,1.09
2023-02-02,600713,4.85,4.87,4.91,4.83,126062,67264087.0,1.65,0.41,0.02,1.21
2023-02-03,600713,4.84,4.8,4.87,4.75,101564,53445492.0,2.46,-1.44,-0.07,0.98
2023-02-06,600713,4.8,4.79,4.82,4.77,71901,37844801.0,1.04,-0.21,-0.01,0.69
2023-02-07,600713,4.8,4.79,4.81,4.76,78142,41036830.0,1.04,0.0,0.0,0.75
2023-02-08,600713,4.78,4.76,4.81,4.75,62679,32861437.0,1.25,-0.63,-0.03,0.6
2023-02-09,600713,4.76,4.8,4.81,4.73,89473,46928237.0,1.68,0.84,0.04,0.86
2023-02-10,600713,4.8,4.78,4.82,4.76,79691,41868594.0,1.25,-0.42,-0.02,0.77
2023-02-13,600713,4.78,4.85,4.86,4.77,125005,66201818.0,1.88,1.46,0.07,1.2
2023-02-14,600713,4.86,4.86,4.87,4.82,99839,53076623.0,1.03,0.21,0.01,0.96
2023-02-15,600713,4.86,4.84,4.88,4.83,84405,44888774.0,1.03,-0.41,-0.02,0.81
2023-02-16,600713,4.87,4.88,5.03,4.82,355643,192675558.0,4.34,0.83,0.04,3.41
2023-02-17,600713,4.88,4.96,5.01,4.86,320281,173978628.0,3.07,1.64,0.08,3.07
2023-02-20,600713,4.99,4.98,5.0,4.87,170649,92192634.0,2.62,0.4,0.02,1.64
2023-02-21,600713,4.96,5.01,5.01,4.94,147521,80425101.0,1.41,0.6,0.03,1.42
2023-02-22,600713,4.97,5.01,5.02,4.97,108133,59028457.0,1.0,0.0,0.0,1.04
2023-02-23,600713,4.99,4.94,5.01,4.9,133978,72570425.0,2.2,-1.4,-0.07,1.29
2023-02-24,600713,4.96,4.94,4.96,4.9,60131,32454854.0,1.21,0.0,0.0,0.58
2023-02-27,600713,4.92,4.88,4.94,4.87,72773,39077259.0,1.42,-1.21,-0.06,0.7
2023-02-28,600713,4.88,4.99,4.99,4.88,133454,72363153.0,2.25,2.25,0.11,1.28
2023-03-01,600713,5.0,5.0,5.01,4.96,107367,58572005.0,1.0,0.2,0.01,1.03
2023-03-02,600713,4.98,4.99,5.0,4.96,71882,39173179.0,0.8,-0.2,-0.01,0.69
2023-03-03,600713,4.98,5.02,5.04,4.97,94622,51750801.0,1.4,0.6,0.03,0.91
2023-03-06,600713,5.03,5.04,5.09,5.0,103612,57171622.0,1.79,0.4,0.02,0.99
2023-03-07,600713,5.05,4.94,5.06,4.93,124994,68317096.0,2.58,-1.98,-0.1,1.2
2023-03-08,600713,4.93,4.96,4.99,4.92,73532,39894020.0,1.42,0.4,0.02,0.71
2023-03-09,600713,4.96,4.97,5.0,4.94,61257,33330908.0,1.21,0.2,0.01,0.59
2023-03-10,600713,4.95,4.89,4.95,4.86,91578,49085289.0,1.81,-1.61,-0.08,0.88
2023-03-13,600713,4.87,4.92,4.92,4.84,74578,39856346.0,1.64,0.61,0.03,0.72
2023-03-14,600713,4.9,4.77,4.95,4.77,118176,62684093.0,3.66,-3.05,-0.15,1.13
2023-03-15,600713,4.81,4.9,4.91,4.8,102364,54684306.0,2.31,2.73,0.13,0.98
2023-03-16,600713,4.89,5.01,5.05,4.85,202768,110700674.0,4.08,2.24,0.11,1.95
2023-03-17,600713,4.99,4.93,5.03,4.91,144502,78495518.0,2.4,-1.6,-0.08,1.39
2023-03-20,600713,4.94,4.82,4.94,4.81,128104,68195738.0,2.64,-2.23,-0.11,1.23
2023-03-21,600713,4.82,4.87,4.87,4.81,64986,34591812.0,1.24,1.04,0.05,0.62
2023-03-22,600713,4.88,4.91,4.92,4.85,86040,46071543.0,1.44,0.82,0.04,0.83
2023-03-23,600713,4.92,4.88,4.92,4.85,67765,36216600.0,1.43,-0.61,-0.03,0.65
2023-03-24,600713,4.91,4.88,4.95,4.87,84804,45586984.0,1.64,0.0,0.0,0.81
2023-03-27,600713,4.87,4.8,4.87,4.77,85599,45190065.0,2.05,-1.64,-0.08,0.82
2023-03-28,600713,4.8,4.81,4.92,4.76,85305,45177828.0,3.33,0.21,0.01,0.82
2023-03-29,600713,4.79,4.73,4.83,4.72,73242,38255750.0,2.29,-1.66,-0.08,0.7
2023-03-30,600713,4.74,4.68,4.76,4.66,84191,43373859.0,2.11,-1.06,-0.05,0.81
2023-03-31,600713,4.68,4.71,4.74,4.66,116783,60408133.0,1.71,0.64,0.03,1.12
2023-04-03,600713,4.72,4.71,4.76,4.67,113130,58445807.0,1.91,0.0,0.0,1.09
2023-04-04,600713,4.71,4.71,4.75,4.69,87833,45548381.0,1.27,0.0,0.0,0.84
2023-04-06,600713,4.71,4.71,4.73,4.69,66113,34246126.0,0.85,0.0,0.0,0.63
2023-04-07,600713,4.7,4.73,4.73,4.69,87842,45521377.0,0.85,0.42,0.02,0.84
2023-04-10,600713,4.72,4.69,4.73,4.67,85700,44306301.0,1.27,-0.85,-0.04,0.82
2023-04-11,600713,4.67,4.64,4.69,4.62,76763,39263725.0,1.49,-1.07,-0.05,0.74
2023-04-12,600713,4.64,4.71,4.73,4.63,98868,51050659.0,2.16,1.51,0.07,0.95
2023-04-13,600713,4.7,4.72,4.73,4.66,81661,42317237.0,1.49,0.21,0.01,0.78
2023-04-14,600713,4.72,4.79,4.82,4.72,120630,63318252.0,2.12,1.48,0.07,1.16
2023-04-17,600713,4.8,4.8,4.82,4.75,88429,46468030.0,1.46,0.21,0.01,0.85
2023-04-18,600713,4.81,4.78,4.81,4.76,49654,26045652.0,1.04,-0.42,-0.02,0.48
2023-04-19,600713,4.78,4.72,4.79,4.72,69372,36248122.0,1.46,-1.26,-0.06,0.67
2023-04-20,600713,4.72,4.66,4.73,4.63,80514,41335755.0,2.12,-1.27,-0.06,0.77
2023-04-21,600713,4.66,4.64,4.7,4.63,79551,40854158.0,1.5,-0.43,-0.02,0.76
2023-04-24,600713,4.66,4.73,4.76,4.62,137342,71188304.0,3.02,1.94,0.09,1.32
2023-04-25,600713,4.73,4.76,4.81,4.69,184271,96283973.0,2.54,0.63,0.03,1.77
2023-04-26,600713,4.77,4.94,5.03,4.75,312790,168927083.0,5.88,3.78,0.18,3.0
2023-04-27,600713,4.93,5.48,5.48,4.92,717698,420617320.0,11.34,10.93,0.54,6.89
2023-04-28,600713,5.44,5.69,5.81,5.35,1208435,732931087.0,8.39,3.83,0.21,11.6
2023-05-04,600713,5.64,5.76,5.98,5.59,764185,480546537.0,6.85,1.23,0.07,7.34
2023-05-05,600713,5.78,5.56,5.81,5.52,471902,287348814.0,5.03,-3.47,-0.2,4.53
2023-05-08,600713,5.57,5.57,5.63,5.38,326612,196018316.0,4.5,0.18,0.01,3.14
2023-05-09,600713,5.54,5.64,5.71,5.47,416129,253279944.0,4.31,1.26,0.07,4.0
2023-05-10,600713,5.59,5.49,5.84,5.43,375294,227076631.0,7.27,-2.66,-0.15,3.6
2023-05-11,600713,5.52,5.38,5.53,5.29,260940,153270576.0,4.37,-2.0,-0.11,2.51
2023-05-12,600713,5.4,5.35,5.49,5.34,160790,94333656.0,2.79,-0.56,-0.03,1.54
2023-05-15,600713,5.33,5.31,5.37,5.19,195721,112216837.0,3.36,-0.75,-0.04,1.88
2023-05-16,600713,5.32,5.23,5.32,5.2,132545,75758508.0,2.26,-1.51,-0.08,1.27
2023-05-17,600713,5.2,5.21,5.23,5.12,187039,105427616.0,2.1,-0.38,-0.02,1.8
2023-05-18,600713,5.23,5.23,5.32,5.19,127065,70656113.0,2.5,0.38,0.02,1.22
2023-05-19,600713,5.21,5.18,5.29,5.14,113777,62967491.0,2.87,-0.96,-0.05,1.09
2023-05-22,600713,5.17,5.25,5.32,5.15,138669,77415545.0,3.28,1.35,0.07,1.33
2023-05-23,600713,5.24,5.25,5.37,5.23,162252,91328270.0,2.67,0.0,0.0,1.56
2023-05-24,600713,5.23,5.12,5.23,5.08,155923,85229844.0,2.86,-2.48,-0.13,1.5
2023-05-25,600713,5.1,5.11,5.14,5.03,109998,59455868.0,2.15,-0.2,-0.01,1.06
2023-05-26,600713,5.11,5.3,5.36,5.06,152212,84746344.0,5.87,3.72,0.19,1.46
2023-05-29,600713,5.3,5.25,5.37,5.22,109144,61258619.0,2.83,-0.94,-0.05,1.05
2023-05-30,600713,5.29,5.24,5.3,5.16,78653,43647914.0,2.67,-0.19,-0.01,0.76
2023-05-31,600713,5.24,5.32,5.45,5.21,157317,89348182.0,4.58,1.53,0.08,1.51
2023-06-01,600713,5.34,5.34,5.39,5.27,112937,64039779.0,2.26,0.38,0.02,1.08
2023-06-02,600713,5.33,5.34,5.49,5.33,108132,61686506.0,3.0,0.0,0.0,1.04
2023-06-05,600713,5.3,5.44,5.48,5.3,147642,84614073.0,3.37,1.87,0.1,1.42
2023-06-06,600713,5.44,5.32,5.49,5.31,108899,62334628.0,3.31,-2.21,-0.12,1.05
2023-06-07,600713,5.31,5.35,5.39,5.27,94551,53441813.0,2.26,0.56,0.03,0.91
2023-06-08,600713,5.37,5.21,5.37,5.19,136925,76255281.0,3.36,-2.62,-0.14,1.31
2023-06-09,600713,5.23,5.28,5.32,5.18,129741,72302008.0,2.69,1.34,0.07,1.25
2023-06-12,600713,5.28,5.16,5.29,5.1,126801,69398438.0,3.6,-2.27,-0.12,1.22
2023-06-13,600713,5.12,5.0,5.15,4.98,157367,84424262.0,3.29,-3.1,-0.16,1.51
2023-06-14,600713,5.0,5.1,5.15,4.98,107360,58033727.0,3.4,2.0,0.1,1.03
2023-06-15,600713,5.08,5.08,5.1,5.02,68139,36721656.0,1.57,-0.39,-0.02,0.65
2023-06-16,600713,5.09,5.11,5.25,5.08,104958,57515932.0,3.35,0.59,0.03,1.01
2023-06-19,600713,5.11,4.96,5.14,4.93,143336,76472216.0,4.11,-2.94,-0.15,1.38
2023-06-20,600713,4.95,4.98,5.0,4.89,88619,46855549.0,2.22,0.4,0.02,0.85
2023-06-21,600713,4.97,4.9,4.97,4.88,65738,34476795.0,1.81,-1.61,-0.08,0.63
2023-06-26,600713,4.9,4.83,4.9,4.82,69412,35900169.0,1.63,-1.43,-0.07,0.67
2023-06-27,600713,4.83,4.96,4.96,4.82,82741,43507995.0,2.9,2.69,0.13,0.79
2023-06-28,600713,4.95,4.99,4.99,4.89,69253,36520198.0,2.02,0.6,0.03,0.66
2023-06-29,600713,4.99,5.04,5.08,4.97,90567,48636236.0,2.2,1.0,0.05,0.87
2023-06-30,600713,5.04,5.04,5.13,5.03,113937,61547333.0,1.98,0.0,0.0,1.09
2023-07-03,600713,5.03,5.09,5.09,5.01,88120,47490423.0,1.59,0.99,0.05,0.85
2023-07-04,600713,5.09,5.06,5.12,5.03,60308,32567970.0,1.77,-0.59,-0.03,0.58
2023-07-05,600713,5.05,5.0,5.06,4.99,66411,35546288.0,1.38,-1.19,-0.06,0.64
2023-07-06,600713,5.01,4.94,5.02,4.9,72430,38207975.0,2.4,-1.2,-0.06,0.7
2023-07-07,600713,4.92,4.96,4.99,4.92,72276,38197178.0,1.42,0.4,0.02,0.69
2023-07-10,600713,4.98,4.94,4.98,4.92,53982,28476912.0,1.21,-0.4,-0.02,0.52
2023-07-11,600713,4.95,4.97,4.98,4.93,53393,28246333.0,1.01,0.61,0.03,0.51
2023-07-12,600713,4.97,4.88,4.99,4.88,73027,38437996.0,2.21,-1.81,-0.09,0.7
2023-07-13,600713,4.9,4.95,4.97,4.89,60289,31777671.0,1.64,1.43,0.07,0.58
2023-07-14,600713,4.95,4.96,4.97,4.92,48586,25641852.0,1.01,0.2,0.01,0.47
2023-07-17,600713,4.96,5.0,5.06,4.89,101948,53949223.0,3.43,0.81,0.04,0.98
2023-07-18,600713,5.0,4.99,5.0,4.95,53832,28575321.0,1.0,-0.2,-0.01,0.52
2023-07-19,600713,4.98,5.01,5.02,4.97,48944,26081291.0,1.0,0.4,0.02,0.47
2023-07-20,600713,5.02,4.97,5.03,4.96,63173,33649141.0,1.4,-0.8,-0.04,0.61
2023-07-21,600713,4.96,5.01,5.03,4.95,60002,31977993.0,1.61,0.8,0.04,0.58
2023-07-24,600713,5.01,5.05,5.07,5.0,72924,39240104.0,1.4,0.8,0.04,0.7
2023-07-25,600713,5.09,5.09,5.11,5.04,98103,52915314.0,1.39,0.79,0.04,0.94
2023-07-26,600713,5.06,5.11,5.12,5.06,60006,32587802.0,1.18,0.39,0.02,0.58
2023-07-27,600713,5.11,5.1,5.13,5.08,53893,29279541.0,0.98,-0.2,-0.01,0.52
2023-07-28,600713,5.1,5.16,5.16,5.06,88596,48323391.0,1.96,1.18,0.06,0.85
2023-07-31,600713,5.16,5.16,5.2,5.12,132837,72858544.0,1.55,0.0,0.0,1.28
2023-08-01,600713,5.13,5.09,5.14,5.06,131069,71078455.0,1.55,-1.36,-0.07,1.26
2023-08-02,600713,5.09,5.06,5.1,5.04,68259,36829057.0,1.18,-0.59,-0.03,0.66
2023-08-03,600713,5.04,5.12,5.12,5.03,84918,46029913.0,1.78,1.19,0.06,0.82
2023-08-04,600713,5.13,5.09,5.15,5.08,81000,44004964.0,1.37,-0.59,-0.03,0.78
2023-08-07,600713,5.09,4.96,5.09,4.94,149827,79868574.0,2.95,-2.55,-0.13,1.44
2023-08-08,600713,4.98,5.02,5.06,4.92,134381,71564596.0,2.82,1.21,0.06,1.29
2023-08-09,600713,5.02,5.0,5.04,4.96,97096,51753842.0,1.59,-0.4,-0.02,0.93
2023-08-10,600713,5.01,4.99,5.02,4.94,110289,58438493.0,1.6,-0.2,-0.01,1.06
2023-08-11,600713,4.97,5.07,5.12,4.96,287989,155635077.0,3.21,1.6,0.08,2.76
2023-08-14,600713,5.07,5.11,5.12,4.88,287117,153188544.0,4.73,0.79,0.04,2.76
2023-08-15,600713,5.06,5.31,5.35,4.97,537912,298616952.0,7.44,3.91,0.2,5.16
2023-08-16,600713,5.21,5.18,5.35,5.15,415361,231176390.0,3.77,-2.45,-0.13,3.99
2023-08-17,600713,5.13,5.18,5.3,5.09,307307,169503424.0,4.05,0.0,0.0,2.95
2023-08-18,600713,5.16,4.86,5.17,4.86,435383,230492544.0,5.98,-6.18,-0.32,4.18
2023-08-21,600713,4.87,4.74,4.87,4.73,202072,103149998.0,2.88,-2.47,-0.12,1.94
2023-08-22,600713,4.73,4.71,4.78,4.64,187593,94169794.0,2.95,-0.63,-0.03,1.8
2023-08-23,600713,4.69,4.67,4.73,4.65,102160,51301347.0,1.7,-0.85,-0.04,0.98
2023-08-24,600713,4.66,4.65,4.68,4.61,94142,46838268.0,1.5,-0.43,-0.02,0.9
2023-08-25,600713,4.62,4.59,4.68,4.58,100768,49856501.0,2.15,-1.29,-0.06,0.97
2023-08-28,600713,4.79,4.66,4.81,4.65,169064,85475467.0,3.49,1.53,0.07,1.62
2023-08-29,600713,4.67,4.71,4.73,4.63,106178,53359055.0,2.15,1.07,0.05,1.02
2023-08-30,600713,4.72,4.72,4.74,4.69,107466,54262618.0,1.06,0.21,0.01,1.03
2023-08-31,600713,4.67,4.72,4.75,4.63,137782,69016159.0,2.54,0.0,0.0,1.32
2023-09-01,600713,4.7,4.68,4.72,4.65,85822,43023095.0,1.48,-0.85,-0.04,0.82
2023-09-04,600713,4.68,4.75,4.75,4.67,106333,53741359.0,1.71,1.5,0.07,1.02
2023-09-05,600713,4.75,4.75,4.78,4.73,72418,36824562.0,1.05,0.0,0.0,0.7
2023-09-06,600713,4.74,4.73,4.75,4.68,65600,33079107.0,1.47,-0.42,-0.02,0.63
2023-09-07,600713,4.74,4.66,4.75,4.66,71868,36150993.0,1.9,-1.48,-0.07,0.69
2023-09-08,600713,4.65,4.65,4.68,4.64,45162,22506359.0,0.86,-0.21,-0.01,0.43
2023-09-11,600713,4.67,4.73,4.74,4.65,76127,38406158.0,1.94,1.72,0.08,0.73
2023-09-12,600713,4.73,4.79,4.82,4.72,110729,56663030.0,2.11,1.27,0.06,1.06
2023-09-13,600713,4.79,4.73,4.79,4.7,56416,28624798.0,1.88,-1.25,-0.06,0.54
2023-09-14,600713,4.75,4.75,4.77,4.71,55124,27983187.0,1.27,0.42,0.02,0.53
2023-09-15,600713,4.75,4.8,4.81,4.74,97378,49816188.0,1.47,1.05,0.05,0.93
2023-09-18,600713,4.8,4.79,4.82,4.74,65915,33673943.0,1.67,-0.21,-0.01,0.63
2023-09-19,600713,4.79,4.79,4.82,4.76,71448,36614259.0,1.25,0.0,0.0,0.69
2023-09-20,600713,4.8,4.8,4.82,4.74,63257,32407735.0,1.67,0.21,0.01,0.61
2023-09-21,600713,4.77,4.75,4.79,4.73,48562,24697368.0,1.25,-1.04,-0.05,0.47
2023-09-22,600713,4.75,4.79,4.79,4.7,56771,28803710.0,1.89,0.84,0.04,0.55
2023-09-25,600713,4.78,4.82,4.86,4.76,89059,45946099.0,2.09,0.63,0.03,0.86
2023-09-26,600713,4.83,4.8,4.86,4.8,64532,33263015.0,1.24,-0.41,-0.02,0.62
2023-09-27,600713,4.8,4.83,4.85,4.79,80250,41403953.0,1.25,0.63,0.03,0.77
2023-09-28,600713,4.85,4.85,4.92,4.83,91517,47571696.0,1.86,0.41,0.02,0.88
2023-10-09,600713,4.85,4.79,4.89,4.76,80962,41439212.0,2.68,-1.24,-0.06,0.78
2023-10-10,600713,4.77,4.68,4.79,4.68,82285,41593551.0,2.3,-2.3,-0.11,0.79
2023-10-11,600713,4.69,4.76,4.83,4.69,106864,54540308.0,2.99,1.71,0.08,1.03
2023-10-12,600713,4.76,4.81,4.87,4.76,87132,44888459.0,2.31,1.05,0.05,0.84
2023-10-13,600713,4.79,4.83,4.86,4.77,71460,36895523.0,1.87,0.42,0.02,0.69
2023-10-16,600713,4.83,4.8,4.89,4.78,73080,37636893.0,2.28,-0.62,-0.03,0.7
2023-10-17,600713,4.8,4.77,4.81,4.74,60044,30561510.0,1.46,-0.63,-0.03,0.58
2023-10-18,600713,4.77,4.66,4.79,4.65,79705,40066921.0,2.94,-2.31,-0.11,0.77
2023-10-19,600713,4.62,4.4,4.65,4.39,184498,88526190.0,5.58,-5.58,-0.26,1.77
2023-10-20,600713,4.37,4.39,4.44,4.36,77910,36823333.0,1.82,-0.23,-0.01,0.75
2023-10-23,600713,4.37,4.32,4.4,4.28,92918,43309808.0,2.73,-1.59,-0.07,0.89
2023-10-24,600713,4.33,4.41,4.41,4.3,61874,29096963.0,2.55,2.08,0.09,0.59
2023-10-25,600713,4.41,4.47,4.49,4.41,73672,35281237.0,1.81,1.36,0.06,0.71
2023-10-26,600713,4.45,4.52,4.52,4.41,58539,28135379.0,2.46,1.12,0.05,0.56
2023-10-27,600713,4.47,4.59,4.6,4.47,109028,53140791.0,2.88,1.55,0.07,1.05
2023-10-30,600713,4.57,4.7,4.71,4.57,147522,73689121.0,3.05,2.4,0.11,1.42
2023-10-31,600713,4.7,4.73,4.74,4.67,99516,50202067.0,1.49,0.64,0.03,0.96
2023-11-01,600713,4.73,4.77,4.77,4.71,105515,53585979.0,1.27,0.85,0.04,1.01
2023-11-02,600713,4.76,4.72,4.76,4.71,61748,31262351.0,1.05,-1.05,-0.05,0.59
2023-11-03,600713,4.74,4.71,4.77,4.7,58309,29567722.0,1.48,-0.21,-0.01,0.56
2023-11-06,600713,4.73,4.73,4.77,4.71,64230,32608192.0,1.27,0.42,0.02,0.62
2023-11-07,600713,4.75,4.71,4.76,4.69,76021,38402178.0,1.48,-0.42,-0.02,0.73
2023-11-08,600713,4.7,4.74,4.76,4.69,69676,35271950.0,1.49,0.64,0.03,0.67
2023-11-09,600713,4.74,4.72,4.77,4.7,65278,33013893.0,1.48,-0.42,-0.02,0.63
2023-11-10,600713,4.71,4.78,4.79,4.65,102693,52047378.0,2.97,1.27,0.06,0.99
2023-11-13,600713,4.75,4.75,4.77,4.68,100396,50632612.0,1.88,-0.63,-0.03,0.96
2023-11-14,600713,4.74,4.73,4.76,4.7,70245,35569438.0,1.26,-0.42,-0.02,0.67
2023-11-15,600713,4.74,4.74,4.76,4.72,46956,23782981.0,0.85,0.21,0.01,0.45
2023-11-16,600713,4.72,4.69,4.74,4.68,62798,31611288.0,1.27,-1.05,-0.05,0.6
2023-11-17,600713,4.7,4.75,4.76,4.68,66124,33374335.0,1.71,1.28,0.06,0.63
2023-11-20,600713,4.76,4.76,4.78,4.73,62019,31564193.0,1.05,0.21,0.01,0.6
2023-11-21,600713,4.76,4.75,4.79,4.74,69957,35652314.0,1.05,-0.21,-0.01,0.67
2023-11-22,600713,4.74,4.76,4.8,4.74,79638,40669650.0,1.26,0.21,0.01,0.76
2023-11-23,600713,4.75,4.82,4.83,4.75,77277,39648586.0,1.68,1.26,0.06,0.74
2023-11-24,600713,4.83,4.87,4.88,4.8,117576,60882652.0,1.66,1.04,0.05,1.13
2023-11-27,600713,4.87,4.79,4.88,4.78,89070,45765512.0,2.05,-1.64,-0.08,0.86
2023-11-28,600713,4.79,4.81,4.85,4.73,75711,38810772.0,2.51,0.42,0.02,0.73
2023-11-29,600713,4.8,4.78,4.84,4.76,66573,34128492.0,1.66,-0.62,-0.03,0.64
2023-11-30,600713,4.78,4.84,4.9,4.76,109663,56517123.0,2.93,1.26,0.06,1.05
2023-12-01,600713,4.84,4.9,4.93,4.81,179113,93194221.0,2.48,1.24,0.06,1.72
2023-12-04,600713,4.85,4.81,4.88,4.77,144990,74566139.0,2.24,-1.84,-0.09,1.39
2023-12-05,600713,4.82,4.77,4.84,4.76,107133,54884971.0,1.66,-0.83,-0.04,1.03
2023-12-06,600713,4.77,4.84,4.85,4.75,139892,71924148.0,2.1,1.47,0.07,1.34
2023-12-07,600713,4.81,4.69,4.81,4.68,172164,86927835.0,2.69,-3.1,-0.15,1.65
2023-12-08,600713,4.71,4.66,4.74,4.64,123751,62114979.0,2.13,-0.64,-0.03,1.19
2023-12-11,600713,4.63,4.67,4.68,4.61,77290,38454255.0,1.5,0.21,0.01,0.74
2023-12-12,600713,4.67,4.79,4.8,4.65,144935,73364558.0,3.21,2.57,0.12,1.39
2023-12-13,600713,4.8,5.15,5.3,4.8,1036807,573747203.0,10.44,7.52,0.36,9.95
2023-12-14,600713,4.97,4.95,5.15,4.93,900197,481613576.0,4.27,-3.88,-0.2,8.64
2023-12-15,600713,4.93,4.84,4.98,4.82,480031,249083521.0,3.23,-2.22,-0.11,4.61
2023-12-18,600713,4.84,4.69,4.85,4.66,370804,188431274.0,3.93,-3.1,-0.15,3.56
2023-12-19,600713,4.69,4.57,4.69,4.53,261291,128286257.0,3.41,-2.56,-0.12,2.51
2023-12-20,600713,4.58,4.6,4.69,4.58,199512,99140811.0,2.41,0.66,0.03,1.92
2023-12-21,600713,4.59,4.58,4.6,4.5,151913,74168021.0,2.17,-0.43,-0.02,1.46
2023-12-22,600713,4.58,4.51,4.6,4.5,137056,66835010.0,2.18,-1.53,-0.07,1.32
2023-12-25,600713,4.5,4.51,4.52,4.47,84957,40949730.0,1.11,0.0,0.0,0.82
2023-12-26,600713,4.51,4.43,4.52,4.41,92852,44495009.0,2.44,-1.77,-0.08,0.89
2023-12-27,600713,4.44,4.46,4.47,4.38,95420,45399534.0,2.03,0.68,0.03,0.92
2023-12-28,600713,4.43,4.49,4.51,4.41,138605,66619945.0,2.24,0.67,0.03,1.33
2023-12-29,600713,4.48,4.51,4.54,4.48,106547,51555390.0,1.34,0.45,0.02,1.02
2024-01-02,600713,4.53,4.56,4.59,4.51,110708,54112090.0,1.77,1.11,0.05,1.06
2024-01-03,600713,4.55,4.61,4.7,4.54,130393,64581726.0,3.51,1.1,0.05,1.25
2024-01-04,600713,4.63,4.62,4.64,4.56,82241,40549106.0,1.74,0.22,0.01,0.79
2024-01-05,600713,4.64,4.57,4.64,4.55,106868,52701588.0,1.95,-1.08,-0.05,1.03
2024-01-08,600713,4.55,4.49,4.55,4.48,75462,36564025.0,1.53,-1.75,-0.08,0.72
2024-01-09,600713,4.48,4.5,4.57,4.45,113806,54980389.0,2.67,0.22,0.01,1.09
2024-01-10,600713,4.49,4.47,4.5,4.42,69231,33162453.0,1.78,-0.67,-0.03,0.66
2024-01-11,600713,4.45,4.48,4.49,4.43,89353,42817151.0,1.34,0.22,0.01,0.86
2024-01-12,600713,4.45,4.45,4.5,4.44,98661,47360351.0,1.34,-0.67,-0.03,0.95
2024-01-15,600713,4.42,4.45,4.48,4.4,69147,33027959.0,1.8,0.0,0.0,0.66
2024-01-16,600713,4.44,4.42,4.45,4.36,101922,48278723.0,2.02,-0.67,-0.03,0.98
2024-01-17,600713,4.41,4.33,4.44,4.33,78869,37219347.0,2.49,-2.04,-0.09,0.76
2024-01-18,600713,4.32,4.26,4.33,4.14,128283,58215610.0,4.39,-1.62,-0.07,1.23
2024-01-19,600713,4.25,4.23,4.29,4.2,50425,23060922.0,2.11,-0.7,-0.03,0.48
2024-01-22,600713,4.2,4.03,4.23,3.97,94050,41670471.0,6.15,-4.73,-0.2,0.9
2024-01-23,600713,4.02,4.04,4.07,3.93,79670,34551772.0,3.47,0.25,0.01,0.76
2024-01-24,600713,4.04,4.13,4.13,3.96,85057,37266123.0,4.21,2.23,0.09,0.82
2024-01-25,600713,4.12,4.31,4.31,4.11,110749,50616211.0,4.84,4.36,0.18,1.06
2024-01-26,600713,4.31,4.35,4.4,4.29,119659,56159321.0,2.55,0.93,0.04,1.15
2024-01-29,600713,4.35,4.27,4.4,4.24,99197,46024464.0,3.68,-1.84,-0.08,0.95
2024-01-30,600713,4.24,4.16,4.29,4.15,68092,31004111.0,3.28,-2.58,-0.11,0.65
2024-01-31,600713,4.15,4.04,4.16,4.03,92907,41032170.0,3.13,-2.88,-0.12,0.89
2024-02-01,600713,4.04,4.0,4.09,3.97,77090,33528581.0,2.97,-0.99,-0.04,0.74
2024-02-02,600713,3.99,3.85,4.04,3.71,145288,61174430.0,8.25,-3.75,-0.15,1.39
2024-02-05,600713,3.82,3.6,3.83,3.53,173622,69149812.0,7.79,-6.49,-0.25,1.66
2024-02-06,600713,3.58,3.83,3.87,3.52,165162,66720044.0,9.72,6.39,0.23,1.58
2024-02-07,600713,3.79,3.79,3.89,3.72,181006,74767494.0,4.44,-1.04,-0.04,1.73
2024-02-08,600713,3.81,4.01,4.02,3.78,197179,83343750.0,6.33,5.8,0.22,1.88
2024-02-19,600713,4.03,4.08,4.12,4.0,136409,59894531.0,2.99,1.75,0.07,1.3
2024-02-20,600713,4.08,4.09,4.13,4.02,88622,39185695.0,2.7,0.25,0.01,0.85
2024-02-21,600713,4.08,4.11,4.2,4.05,120943,53947153.0,3.67,0.49,0.02,1.16
2024-02-22,600713,4.11,4.13,4.14,4.08,81908,36350305.0,1.46,0.49,0.02,0.78
2024-02-23,600713,4.13,4.18,4.2,4.1,97286,43496320.0,2.42,1.21,0.05,0.93
2024-02-26,600713,4.16,4.18,4.23,4.14,99497,44904270.0,2.15,0.0,0.0,0.95
2024-02-27,600713,4.14,4.22,4.22,4.14,90791,41090290.0,1.91,0.96,0.04,0.87
2024-02-28,600713,4.23,4.07,4.32,4.05,172827,78401599.0,6.4,-3.55,-0.15,1.65
2024-02-29,600713,4.08,4.16,4.16,4.05,93250,41490133.0,2.7,2.21,0.09,0.89
2024-03-01,600713,4.14,4.18,4.18,4.11,95143,42676725.0,1.68,0.48,0.02,0.91
2024-03-04,600713,4.18,4.17,4.21,4.14,79134,35577602.0,1.67,-0.24,-0.01,0.76
2024-03-05,600713,4.14,4.11,4.15,4.1,71205,31700050.0,1.2,-1.44,-0.06,0.68
2024-03-06,600713,4.1,4.11,4.13,4.08,50694,22492666.0,1.22,0.0,0.0,0.48
2024-03-07,600713,4.12,4.1,4.15,4.09,69375,30887859.0,1.46,-0.24,-0.01,0.66
2024-03-08,600713,4.09,4.12,4.13,4.07,50000,22166664.0,1.46,0.49,0.02,0.48
2024-03-11,600713,4.12,4.15,4.15,4.1,68280,30473742.0,1.21,0.73,0.03,0.65
2024-03-12,600713,4.15,4.19,4.21,4.14,94897,42775194.0,1.69,0.96,0.04,0.91
2024-03-13,600713,4.2,4.16,4.21,4.14,66776,30018865.0,1.67,-0.72,-0.03,0.64
2024-03-14,600713,4.17,4.17,4.21,4.14,77873,35133307.0,1.68,0.24,0.01,0.74
2024-03-15,600713,4.15,4.23,4.23,4.15,73054,32977670.0,1.92,1.44,0.06,0.7
2024-03-18,600713,4.22,4.26,4.27,4.19,98618,45019429.0,1.89,0.71,0.03,0.94
2024-03-19,600713,4.26,4.23,4.28,4.22,72209,33091553.0,1.41,-0.7,-0.03,0.69
2024-03-20,600713,4.22,4.28,4.3,4.2,92599,42505897.0,2.36,1.18,0.05,0.88
2024-03-21,600713,4.28,4.29,4.32,4.25,69370,31993174.0,1.64,0.23,0.01,0.66
2024-03-22,600713,4.27,4.25,4.29,4.19,71606,32712727.0,2.33,-0.93,-0.04,0.68
2024-03-25,600713,4.23,4.18,4.28,4.17,65204,29738057.0,2.59,-1.65,-0.07,0.62
2024-03-26,600713,4.18,4.19,4.21,4.13,54845,24664284.0,1.91,0.24,0.01,0.52
2024-03-27,600713,4.19,4.12,4.21,4.11,70271,31686736.0,2.39,-1.67,-0.07,0.67
2024-03-28,600713,4.11,4.15,4.19,4.1,62403,27964568.0,2.18,0.73,0.03,0.6
2024-03-29,600713,4.15,4.22,4.22,4.15,52936,23905239.0,1.69,1.69,0.07,0.51
2024-04-01,600713,4.22,4.31,4.31,4.21,88072,40408302.0,2.37,2.13,0.09,0.84
2024-04-02,600713,4.3,4.33,4.33,4.26,74722,34622972.0,1.62,0.46,0.02,0.71
2024-04-03,600713,4.33,4.35,4.36,4.28,88794,41376536.0,1.85,0.46,0.02,0.85
2024-04-08,600713,4.37,4.3,4.43,4.3,147787,69400067.0,2.99,-1.15,-0.05,1.41
2024-04-09,600713,4.29,4.4,4.42,4.29,120659,56663139.0,3.02,2.33,0.1,1.15
2024-04-10,600713,4.41,4.34,4.43,4.29,85629,40172300.0,3.18,-1.36,-0.06,0.82
2024-04-11,600713,4.3,4.35,4.39,4.28,71991,33771752.0,2.53,0.23,0.01,0.69
2024-04-12,600713,4.35,4.32,4.37,4.3,57525,26876752.0,1.61,-0.69,-0.03,0.55
2024-04-15,600713,4.33,4.27,4.35,4.19,115395,53107460.0,3.7,-1.16,-0.05,1.1
2024-04-16,600713,4.25,4.12,4.3,4.12,125434,56730945.0,4.22,-3.51,-0.15,1.2
2024-04-17,600713,4.14,4.28,4.28,4.14,100904,46030884.0,3.4,3.88,0.16,0.96
2024-04-18,600713,4.29,4.34,4.36,4.26,97449,45343918.0,2.34,1.4,0.06,0.93
2024-04-19,600713,4.31,4.34,4.38,4.29,84245,39314434.0,2.07,0.0,0.0,0.8
2024-04-22,600713,4.31,4.37,4.39,4.31,105438,49456886.0,1.84,0.69,0.03,1.01
2024-04-23,600713,4.37,4.37,4.39,4.32,77078,36135348.0,1.6,0.0,0.0,0.74
2024-04-24,600713,4.37,4.36,4.39,4.33,63936,29953863.0,1.37,-0.23,-0.01,0.61
2024-04-25,600713,4.36,4.39,4.4,4.34,72317,34051240.0,1.38,0.69,0.03,0.69
2024-04-26,600713,4.38,4.41,4.42,4.36,95996,45265248.0,1.37,0.46,0.02,0.92
2024-04-29,600713,4.39,4.44,4.45,4.38,110333,52440033.0,1.59,0.68,0.03,1.05
2024-04-30,600713,4.47,4.53,4.56,4.47,171529,83204775.0,2.03,2.03,0.09,1.64
2024-05-06,600713,4.56,4.58,4.62,4.55,166249,81724110.0,1.55,1.1,0.05,1.59
2024-05-07,600713,4.58,4.57,4.59,4.51,105847,51662260.0,1.75,-0.22,-0.01,1.01
2024-05-08,600713,4.56,4.55,4.61,4.53,82722,40468598.0,1.75,-0.44,-0.02,0.79
2024-05-09,600713,4.55,4.6,4.62,4.54,106393,52386352.0,1.76,1.1,0.05,1.02
2024-05-10,600713,4.59,4.59,4.62,4.56,81523,40097780.0,1.3,-0.22,-0.01,0.78
2024-05-13,600713,4.59,4.55,4.59,4.53,73637,36012295.0,1.31,-0.87,-0.04,0.7
2024-05-14,600713,4.55,4.59,4.62,4.55,107982,53164378.0,1.54,0.88,0.04,1.03
2024-05-15,600713,4.59,4.6,4.66,4.55,111860,55250675.0,2.4,0.22,0.01,1.07
2024-05-16,600713,4.61,4.55,4.62,4.53,93698,45933018.0,1.96,-1.09,-0.05,0.9
2024-05-17,600713,4.55,4.57,4.58,4.5,83458,40632583.0,1.76,0.44,0.02,0.8
2024-05-20,600713,4.57,4.58,4.6,4.55,69249,33972997.0,1.09,0.22,0.01,0.66
2024-05-21,600713,4.56,4.56,4.58,4.52,70992,34670210.0,1.31,-0.44,-0.02,0.68
2024-05-22,600713,4.55,4.54,4.59,4.53,66448,32454291.0,1.32,-0.44,-0.02,0.63
2024-05-23,600713,4.53,4.44,4.53,4.41,92089,44156724.0,2.64,-2.2,-0.1,0.88
2024-05-24,600713,4.43,4.46,4.5,4.43,65023,31261751.0,1.58,0.45,0.02,0.62
2024-05-27,600713,4.5,4.48,4.5,4.42,57029,27323020.0,1.79,0.45,0.02,0.54
2024-05-28,600713,4.49,4.42,4.49,4.41,66233,31589030.0,1.79,-1.34,-0.06,0.63
2024-05-29,600713,4.4,4.41,4.44,4.39,43093,20447372.0,1.13,-0.23,-0.01,0.41
2024-05-30,600713,4.43,4.38,4.45,4.37,56375,26703620.0,1.81,-0.68,-0.03,0.54
2024-05-31,600713,4.38,4.41,4.42,4.38,40429,19132791.0,0.91,0.68,0.03,0.39
2024-06-03,600713,4.41,4.34,4.43,4.31,82841,38931657.0,2.72,-1.59,-0.07,0.79
2024-06-04,600713,4.31,4.32,4.37,4.29,79403,36961121.0,1.84,-0.46,-0.02,0.76
2024-06-05,600713,4.32,4.25,4.32,4.25,73013,33702069.0,1.62,-1.62,-0.07,0.7
2024-06-06,600713,4.25,4.16,4.26,4.13,116802,52685378.0,3.06,-2.12,-0.09,1.12
2024-06-07,600713,4.18,4.22,4.23,4.16,83405,37764857.0,1.68,1.44,0.06,0.8
2024-06-11,600713,4.22,4.23,4.24,4.16,65562,29730272.0,1.9,0.24,0.01,0.63
2024-06-12,600713,4.21,4.21,4.23,4.2,55470,25178046.0,0.71,-0.47,-0.02,0.53
2024-06-13,600713,4.21,4.15,4.21,4.13,64443,28927133.0,1.9,-1.43,-0.06,0.62
2024-06-14,600713,4.13,4.15,4.16,4.09,50633,22579108.0,1.69,0.0,0.0,0.48
2024-06-17,600713,4.13,4.13,4.18,4.11,71217,31864415.0,1.69,-0.48,-0.02,0.68
2024-06-18,600713,4.12,4.14,4.16,4.1,60406,26972845.0,1.45,0.24,0.01,0.58
2024-06-19,600713,4.15,4.12,4.16,4.1,50946,22720555.0,1.45,-0.48,-0.02,0.49
2024-06-20,600713,4.1,4.06,4.14,4.05,64212,28362467.0,2.18,-1.46,-0.06,0.61
2024-06-21,600713,4.06,4.07,4.1,4.02,48061,21139715.0,1.97,0.25,0.01,0.46
2024-06-24,600713,4.07,4.0,4.07,3.95,78260,33989884.0,2.95,-1.72,-0.07,0.75
2024-06-25,600713,4.0,4.02,4.04,3.96,62405,27092698.0,2.0,0.5,0.02,0.6
2024-06-26,600713,4.02,4.08,4.08,3.99,56320,24621126.0,2.24,1.49,0.06,0.54
2024-06-27,600713,4.08,4.04,4.09,4.03,54062,23697365.0,1.47,-0.98,-0.04,0.52
2024-06-28,600713,4.07,4.05,4.09,4.03,71552,30300497.0,1.49,0.25,0.01,0.68
2024-07-01,600713,4.03,4.16,4.17,4.02,81772,34937584.0,3.7,2.72,0.11,0.78
2024-07-02,600713,4.17,4.2,4.23,4.15,73175,31995109.0,1.92,0.96,0.04,0.7
2024-07-03,600713,4.22,4.22,4.26,4.21,62054,27342733.0,1.19,0.48,0.02,0.59
2024-07-04,600713,4.24,4.17,4.24,4.15,61457,26761002.0,2.13,-1.18,-0.05,0.59
2024-07-05,600713,4.14,4.18,4.19,4.13,47828,20702107.0,1.44,0.24,0.01,0.46
2024-07-08,600713,4.17,4.1,4.18,4.1,49314,21173348.0,1.91,-1.91,-0.08,0.47
2024-07-09,600713,4.1,4.12,4.12,4.01,55937,23730155.0,2.68,0.49,0.02,0.53
2024-07-10,600713,4.09,4.07,4.12,4.06,42909,18240396.0,1.46,-1.21,-0.05,0.41
2024-07-11,600713,4.1,4.16,4.17,4.09,57368,24710572.0,1.97,2.21,0.09,0.55
2024-07-12,600713,4.17,4.16,4.2,4.14,46487,20180717.0,1.44,0.0,0.0,0.44
2024-07-15,600713,4.16,4.1,4.17,4.09,38327,16411424.0,1.92,-1.44,-0.06,0.37
2024-07-16,600713,4.09,4.08,4.11,4.05,36624,15547417.0,1.46,-0.49,-0.02,0.35
2024-07-17,600713,4.06,4.09,4.11,4.05,37968,16156083.0,1.47,0.25,0.01,0.36
2024-07-18,600713,4.1,4.16,4.16,4.06,58561,25048060.0,2.44,1.71,0.07,0.56
2024-07-19,600713,4.14,4.13,4.16,4.11,42599,18337612.0,1.2,-0.72,-0.03,0.41
2024-07-22,600713,4.12,4.11,4.13,4.08,41122,17571448.0,1.21,-0.48,-0.02,0.39
2024-07-23,600713,4.1,4.1,4.15,4.08,58171,24900602.0,1.7,-0.24,-0.01,0.56
2024-07-24,600713,4.08,4.04,4.08,4.02,65285,27547650.0,1.46,-1.46,-0.06,0.62
2024-07-25,600713,4.01,4.03,4.07,4.01,45022,18933044.0,1.49,-0.25,-0.01,0.43
2024-07-26,600713,4.04,4.07,4.07,4.03,49508,20915534.0,0.99,0.99,0.04,0.47
2024-07-29,600713,4.06,4.05,4.07,4.03,41867,17651188.0,0.98,-0.49,-0.02,0.4
2024-07-30,600713,4.05,4.07,4.07,4.02,40907,17244704.0,1.23,0.49,0.02,0.39
2024-07-31,600713,4.07,4.19,4.19,4.06,80054,34586193.0,3.19,2.95,0.12,0.76
2024-08-01,600713,4.2,4.19,4.23,4.17,70597,30812020.0,1.43,0.0,0.0,0.67
2024-08-02,600713,4.18,4.2,4.25,4.16,78492,34393282.0,2.15,0.24,0.01,0.75
2024-08-05,600713,4.2,4.22,4.3,4.18,96629,42657499.0,2.86,0.48,0.02,0.92
2024-08-06,600713,4.24,4.28,4.28,4.21,68318,30158271.0,1.66,1.42,0.06,0.65
2024-08-07,600713,4.29,4.29,4.33,4.25,59223,26385010.0,1.87,0.23,0.01,0.57
2024-08-08,600713,4.26,4.33,4.35,4.26,71706,32213191.0,2.1,0.93,0.04,0.68
2024-08-09,600713,4.33,4.32,4.35,4.3,61876,27815356.0,1.15,-0.23,-0.01,0.59
2024-08-12,600713,4.29,4.34,4.37,4.29,67646,30535433.0,1.85,0.46,0.02,0.65
2024-08-13,600713,4.36,4.33,4.36,4.29,61502,27641931.0,1.61,-0.23,-0.01,0.59
2024-08-14,600713,4.3,4.29,4.32,4.26,52771,23545145.0,1.39,-0.92,-0.04,0.5
2024-08-15,600713,4.29,4.31,4.33,4.27,36115,16143672.0,1.4,0.47,0.02,0.34
2024-08-16,600713,4.3,4.32,4.34,4.26,44620,19979901.0,1.86,0.23,0.01,0.43
2024-08-19,600713,4.31,4.28,4.35,4.27,41294,18474172.0,1.85,-0.93,-0.04,0.39
2024-08-20,600713,4.29,4.22,4.3,4.19,43750,19269280.0,2.57,-1.4,-0.06,0.42
2024-08-21,600713,4.23,4.16,4.23,4.14,38802,16833615.0,2.13,-1.42,-0.06,0.37
2024-08-22,600713,4.16,4.12,4.17,4.11,34803,14974693.0,1.44,-0.96,-0.04,0.33
2024-08-23,600713,4.12,4.08,4.13,4.05,46668,19854122.0,1.94,-0.97,-0.04,0.45
2024-08-26,600713,4.07,4.06,4.1,4.03,63001,26653345.0,1.72,-0.49,-0.02,0.6
2024-08-27,600713,4.06,4.07,4.11,4.04,50299,21360850.0,1.72,0.25,0.01,0.48
2024-08-28,600713,4.08,4.1,4.15,4.07,69286,29553963.0,1.97,0.74,0.03,0.66
2024-08-29,600713,4.06,4.1,4.12,4.06,52310,22324031.0,1.46,0.0,0.0,0.5
2024-08-30,600713,4.09,4.15,4.19,4.06,111260,47938080.0,3.17,1.22,0.05,1.06
2024-09-02,600713,4.11,4.07,4.13,4.06,104004,44241183.0,1.69,-1.93,-0.08,0.99
2024-09-03,600713,4.08,4.12,4.14,4.06,76436,32696870.0,1.97,1.23,0.05,0.73
2024-09-04,600713,4.08,4.11,4.18,4.08,79527,34276870.0,2.43,-0.24,-0.01,0.76
2024-09-05,600713,4.11,4.18,4.19,4.11,91215,39571737.0,1.95,1.7,0.07,0.87
2024-09-06,600713,4.16,4.15,4.21,4.14,64078,27825152.0,1.67,-0.72,-0.03,0.61
2024-09-09,600713,4.13,4.14,4.19,4.11,58622,25330968.0,1.93,-0.24,-0.01,0.56
2024-09-10,600713,4.15,4.08,4.16,4.03,68416,28993961.0,3.14,-1.45,-0.06,0.65
2024-09-11,600713,4.06,4.04,4.08,4.01,56228,23654586.0,1.72,-0.98,-0.04,0.54
2024-09-12,600713,4.03,4.03,4.07,4.02,36017,15173218.0,1.24,-0.25,-0.01,0.34
2024-09-13,600713,4.02,3.98,4.04,3.97,55740,23244726.0,1.74,-1.24,-0.05,0.53
2024-09-18,600713,3.98,3.95,3.99,3.89,47302,19403059.0,2.51,-0.75,-0.03,0.45
2024-09-19,600713,3.94,4.05,4.06,3.94,59964,25109112.0,3.04,2.53,0.1,0.57
2024-09-20,600713,4.05,4.03,4.06,4.0,38401,16131358.0,1.48,-0.49,-0.02,0.37
2024-09-23,600713,4.03,4.05,4.06,4.02,31688,13336316.0,0.99,0.5,0.02,0.3
2024-09-24,600713,4.06,4.2,4.21,4.05,94431,40654051.0,3.95,3.7,0.15,0.9
2024-09-25,600713,4.28,4.32,4.41,4.25,162850,73365551.0,3.81,2.86,0.12,1.56
2024-09-26,600713,4.35,4.43,4.43,4.29,122425,55562886.0,3.24,2.55,0.11,1.17
2024-09-27,600713,4.45,4.51,4.53,4.43,135366,62995071.0,2.26,1.81,0.08,1.29
2024-09-30,600713,4.65,4.86,4.9,4.57,397178,195227739.0,7.32,7.76,0.35,3.79
2024-10-08,600713,5.36,5.07,5.36,4.88,521529,275341165.0,9.88,4.32,0.21,4.98
2024-10-09,600713,5.01,4.63,5.01,4.62,360648,178867044.0,7.69,-8.68,-0.44,3.45
2024-10-10,600713,4.71,4.69,4.84,4.59,230838,112806758.0,5.4,1.3,0.06,2.21
2024-10-11,600713,4.67,4.56,4.69,4.49,168205,79966844.0,4.26,-2.77,-0.13,1.61
2024-10-14,600713,4.6,4.59,4.62,4.5,138892,65802392.0,2.63,0.66,0.03,1.33
2024-10-15,600713,4.59,4.52,4.61,4.52,107335,50877640.0,1.96,-1.53,-0.07,1.03
2024-10-16,600713,4.51,4.53,4.57,4.49,111880,52633488.0,1.77,0.22,0.01,1.07
2024-10-17,600713,4.56,4.48,4.58,4.47,107225,50414748.0,2.43,-1.1,-0.05,1.02
2024-10-18,600713,4.46,4.54,4.58,4.45,180002,84424256.0,2.9,1.34,0.06,1.72
2024-10-21,600713,4.53,4.51,4.55,4.48,173950,81507729.0,1.54,-0.66,-0.03,1.66
2024-10-22,600713,4.5,4.58,4.6,4.5,165888,78640858.0,2.22,1.55,0.07,1.58
2024-10-23,600713,4.59,4.6,4.62,4.57,167271,79686962.0,1.09,0.44,0.02,1.6
2024-10-24,600713,4.58,4.59,4.66,4.58,118787,56758218.0,1.74,-0.22,-0.01,1.13
2024-10-25,600713,4.59,4.66,4.66,4.58,153788,73913388.0,1.74,1.53,0.07,1.47
2024-10-28,600713,4.67,4.8,4.8,4.64,210684,103121772.0,3.43,3.0,0.14,2.01
2024-10-29,600713,4.81,4.67,4.82,4.64,196202,95606564.0,3.75,-2.71,-0.13,1.87
2024-10-30,600713,4.65,4.7,4.7,4.61,142607,68970465.0,1.93,0.64,0.03,1.36
2024-10-31,600713,4.69,4.75,4.75,4.67,149071,72941866.0,1.7,1.06,0.05,1.42
2024-11-01,600713,4.74,4.8,4.88,4.69,325475,161247904.0,4.0,1.05,0.05,3.11
2024-11-04,600713,4.83,4.9,4.91,4.79,320174,160525117.0,2.5,2.08,0.1,3.06
2024-11-05,600713,4.86,4.96,4.96,4.84,308186,156786297.0,2.45,1.22,0.06,2.94
2024-11-06,600713,4.95,4.95,5.0,4.89,271555,138983346.0,2.22,-0.2,-0.01,2.59
2024-11-07,600713,4.93,5.08,5.09,4.89,283400,147270020.0,4.04,2.63,0.13,2.71
2024-11-08,600713,5.1,5.01,5.13,4.97,259395,135082211.0,3.15,-1.38,-0.07,2.48
2024-11-11,600713,5.01,5.03,5.06,4.95,196508,101494448.0,2.2,0.4,0.02,1.88
2024-11-12,600713,5.07,5.15,5.31,5.06,526209,281527130.0,4.97,2.39,0.12,5.03
2024-11-13,600713,5.11,5.08,5.17,5.01,245201,128650031.0,3.11,-1.36,-0.07,2.34
2024-11-14,600713,5.09,4.93,5.1,4.87,172992,89032944.0,4.53,-2.95,-0.15,1.65
2024-11-15,600713,4.88,4.85,4.97,4.84,125917,63973090.0,2.64,-1.62,-0.08,1.2
2024-11-18,600713,4.91,4.92,5.02,4.89,209119,107109586.0,2.68,1.44,0.07,2.0
2024-11-19,600713,4.91,4.94,4.95,4.83,140826,71408609.0,2.44,0.41,0.02,1.35
2024-11-20,600713,4.93,5.19,5.23,4.92,402408,211322769.0,6.28,5.06,0.25,3.84
2024-11-21,600713,5.14,5.33,5.37,5.07,552520,298297257.0,5.78,2.7,0.14,5.28
2024-11-22,600713,5.36,5.15,5.44,5.09,474540,256031991.0,6.57,-3.38,-0.18,4.53
2024-11-25,600713,5.2,5.19,5.33,5.08,481815,258763988.0,4.85,0.78,0.04,4.6
2024-11-26,600713,5.18,5.04,5.18,5.01,390601,205307790.0,3.28,-2.89,-0.15,3.73
2024-11-27,600713,4.99,4.99,5.02,4.83,350742,178693738.0,3.77,-0.99,-0.05,3.35
2024-11-28,600713,4.97,5.02,5.12,4.95,274084,142767685.0,3.41,0.6,0.03,2.62
2024-11-29,600713,5.01,5.03,5.07,4.93,291985,151354313.0,2.79,0.2,0.01,2.79
2024-12-02,600713,5.01,5.08,5.09,5.0,221332,115690013.0,1.79,0.99,0.05,2.11
2024-12-03,600713,5.08,5.07,5.14,5.01,228387,119591250.0,2.56,-0.2,-0.01,2.18
2024-12-04,600713,5.06,4.99,5.08,4.95,215731,112024637.0,2.56,-1.58,-0.08,2.06
2024-12-05,600713,4.99,5.0,5.01,4.96,126956,65485928.0,1.0,0.2,0.01,1.21
2024-12-06,600713,5.0,5.13,5.16,4.99,282961,148515858.0,3.4,2.6,0.13,2.7
2024-12-09,600713,5.15,5.11,5.21,5.08,176220,93723031.0,2.53,-0.39,-0.02,1.68
2024-12-10,600713,5.21,5.08,5.24,5.06,197806,104827270.0,3.52,-0.59,-0.03,1.89
2024-12-11,600713,5.07,5.16,5.17,5.05,155659,82666787.0,2.36,1.57,0.08,1.49
2024-12-12,600713,5.15,5.31,5.33,5.11,333926,180919304.0,4.26,2.91,0.15,3.19
2024-12-13,600713,5.28,5.2,5.31,5.17,182253,98670182.0,2.64,-2.07,-0.11,1.74
2024-12-16,600713,5.22,5.3,5.47,5.21,382176,210416962.0,5.0,1.92,0.1,3.65
2024-12-17,600713,5.31,5.09,5.32,5.06,280477,149094527.0,4.91,-3.96,-0.21,2.68
2024-12-18,600713,5.09,5.05,5.14,5.04,161192,84784529.0,1.96,-0.79,-0.04,1.54
2024-12-19,600713,5.03,5.02,5.07,4.95,146147,75622407.0,2.38,-0.59,-0.03,1.4
2024-12-20,600713,5.03,5.04,5.1,4.98,124407,64736698.0,2.39,0.4,0.02,1.19
2024-12-23,600713,5.05,4.95,5.08,4.93,224614,115806316.0,2.98,-1.79,-0.09,2.14
2024-12-24,600713,4.96,5.02,5.03,4.94,252728,130294205.0,1.82,1.41,0.07,2.41
2024-12-25,600713,4.9,4.87,4.95,4.79,324270,163025454.0,3.19,-2.99,-0.15,3.1
2024-12-26,600713,4.86,4.84,4.87,4.82,129030,64719060.0,1.03,-0.62,-0.03,1.23
2024-12-27,600713,4.83,4.95,4.95,4.81,198606,100846081.0,2.89,2.27,0.11,1.9
2024-12-30,600713,4.93,4.87,4.95,4.87,107434,54340419.0,1.62,-1.62,-0.08,1.03
2024-12-31,600713,4.87,4.79,4.92,4.77,108085,54102884.0,3.08,-1.64,-0.08,1.03
2025-01-02,600713,4.79,4.68,4.83,4.64,124143,61006935.0,3.97,-2.3,-0.11,1.19
2025-01-03,600713,4.7,4.58,4.72,4.57,110024,53007087.0,3.21,-2.14,-0.1,1.05
2025-01-06,600713,4.58,4.71,4.77,4.56,200854,97794582.0,4.59,2.84,0.13,1.92
2025-01-07,600713,4.68,4.63,4.68,4.54,141592,67495416.0,2.97,-1.7,-0.08,1.35
2025-01-08,600713,4.6,4.64,4.66,4.54,90918,43487205.0,2.59,0.22,0.01,0.87
2025-01-09,600713,4.62,4.6,4.63,4.55,59658,28454155.0,1.72,-0.86,-0.04,0.57
2025-01-10,600713,4.62,4.53,4.63,4.52,67308,31911473.0,2.39,-1.52,-0.07,0.64
2025-01-13,600713,4.52,4.49,4.53,4.44,85477,39859913.0,1.99,-0.88,-0.04,0.82
2025-01-14,600713,4.48,4.59,4.6,4.48,122801,58031930.0,2.67,2.23,0.1,1.17
2025-01-15,600713,4.59,4.57,4.61,4.55,92150,43719510.0,1.31,-0.44,-0.02,0.88
2025-01-16,600713,4.56,4.64,4.67,4.56,133330,63978937.0,2.41,1.53,0.07,1.27
2025-01-17,600713,4.63,4.67,4.68,4.6,71254,34359695.0,1.72,0.65,0.03,0.68
2025-01-20,600713,4.66,4.66,4.7,4.64,79668,38579956.0,1.28,-0.21,-0.01,0.76
2025-01-21,600713,4.68,4.69,4.7,4.64,111889,54232733.0,1.29,0.64,0.03,1.07
2025-01-22,600713,4.68,4.62,4.69,4.6,74003,35555620.0,1.92,-1.49,-0.07,0.71
2025-01-23,600713,4.64,4.65,4.71,4.64,106379,51547793.0,1.52,0.65,0.03,1.02
2025-01-24,600713,4.63,4.65,4.67,4.59,83854,40272150.0,1.72,0.0,0.0,0.8
2025-01-27,600713,4.66,4.72,4.77,4.66,94683,46420370.0,2.37,1.51,0.07,0.9
2025-02-05,600713,4.73,4.69,4.76,4.66,88160,42919584.0,2.12,-0.64,-0.03,0.84
2025-02-06,600713,4.69,4.71,4.71,4.64,102534,49690981.0,1.49,0.43,0.02,0.98
2025-02-07,600713,4.71,4.77,4.79,4.69,144327,70967425.0,2.12,1.27,0.06,1.38
2025-02-10,600713,4.78,4.81,4.82,4.77,129443,64325969.0,1.05,0.84,0.04,1.24
2025-02-11,600713,4.82,4.77,4.82,4.75,96719,47775564.0,1.46,-0.83,-0.04,0.92
2025-02-12,600713,4.78,4.75,4.78,4.71,97604,47903611.0,1.47,-0.42,-0.02,0.93
2025-02-13,600713,4.75,4.73,4.77,4.71,83329,40909141.0,1.26,-0.42,-0.02,0.8
2025-02-14,600713,4.74,4.78,4.79,4.72,103463,51084043.0,1.48,1.06,0.05,0.99
2025-02-17,600713,4.78,4.77,4.8,4.75,116998,57849236.0,1.05,-0.21,-0.01,1.11
2025-02-18,600713,4.78,4.67,4.78,4.66,119079,58066457.0,2.52,-2.1,-0.1,1.13
2025-02-19,600713,4.67,4.68,4.69,4.64,75639,36566741.0,1.07,0.21,0.01,0.72
2025-02-20,600713,4.67,4.69,4.73,4.66,89429,43593594.0,1.5,0.21,0.01,0.85
2025-02-21,600713,4.71,4.69,4.72,4.64,102882,49870735.0,1.71,0.0,0.0,0.79
2025-02-24,600713,4.7,4.73,4.74,4.67,93270,45604708.0,1.49,0.85,0.04,0.72
2025-02-25,600713,4.7,4.65,4.71,4.64,81634,39548559.0,1.48,-1.69,-0.08,0.63
2025-02-26,600713,4.65,4.7,4.71,4.65,62145,30173865.0,1.29,1.08,0.05,0.48
2025-02-27,600713,4.69,4.73,4.74,4.66,94176,45880330.0,1.7,0.64,0.03,0.72
2025-02-28,600713,4.72,4.67,4.75,4.65,94354,45926435.0,2.11,-1.27,-0.06,0.72
2025-03-03,600713,4.69,4.67,4.73,4.65,80280,39051915.0,1.71,0.0,0.0,0.62
2025-03-04,600713,4.65,4.69,4.7,4.64,53702,26046670.0,1.28,0.43,0.02,0.41
2025-03-05,600713,4.69,4.66,4.69,4.6,83717,40227009.0,1.92,-0.64,-0.03,0.64
2025-03-06,600713,4.66,4.68,4.68,4.65,92542,44741035.0,0.64,0.43,0.02,0.71
2025-03-07,600713,4.66,4.65,4.69,4.64,64306,31096166.0,1.07,-0.64,-0.03,0.49
2025-03-10,600713,4.66,4.7,4.7,4.65,97676,47370155.0,1.08,1.08,0.05,0.75
2025-03-11,600713,4.67,4.69,4.7,4.64,62865,30444728.0,1.28,-0.21,-0.01,0.48
2025-03-12,600713,4.68,4.68,4.7,4.67,59084,28683952.0,0.64,-0.21,-0.01,0.45
2025-03-13,600713,4.69,4.69,4.7,4.66,76935,37305859.0,0.85,0.21,0.01,0.59
2025-03-14,600713,4.69,4.78,4.78,4.69,143905,70705760.0,1.92,1.92,0.09,1.1
2025-03-17,600713,4.83,4.88,4.91,4.82,206971,104316301.0,1.88,2.09,0.1,1.59
2025-03-18,600713,4.9,4.85,4.9,4.83,95955,48268538.0,1.43,-0.61,-0.03,0.74
2025-03-19,600713,4.84,4.83,4.88,4.81,84740,42503570.0,1.44,-0.41,-0.02,0.65
2025-03-20,600713,4.83,4.86,4.88,4.82,74239,37311768.0,1.24,0.62,0.03,0.57
2025-03-21,600713,4.84,4.84,4.89,4.82,102281,51415499.0,1.44,-0.41,-0.02,0.79
2025-03-24,600713,4.84,4.84,4.85,4.77,116839,58200409.0,1.65,0.0,0.0,0.9
2025-03-25,600713,4.84,4.92,4.92,4.81,134856,67961502.0,2.27,1.65,0.08,1.04
2025-03-26,600713,4.91,4.92,4.95,4.89,108648,55242039.0,1.22,0.0,0.0,0.83
2025-03-27,600713,4.91,4.93,4.94,4.88,82572,41983283.0,1.22,0.2,0.01,0.63
2025-03-28,600713,4.92,4.9,4.97,4.89,120261,61386180.0,1.62,-0.61,-0.03,0.92
2025-03-31,600713,4.86,4.84,4.91,4.79,118931,59639403.0,2.45,-1.22,-0.06,0.91
2025-04-01,600713,4.86,4.95,4.96,4.84,201265,102667666.0,2.48,2.27,0.11,1.54
2025-04-02,600713,4.93,4.93,4.95,4.9,107971,54972029.0,1.01,-0.4,-0.02,0.83
2025-04-03,600713,4.9,4.96,4.97,4.88,117324,59964724.0,1.83,0.61,0.03,0.9
2025-04-07,600713,4.78,4.45,4.8,4.45,227907,108558225.0,7.06,-10.28,-0.51,1.75
2025-04-08,600713,4.51,4.59,4.6,4.46,209410,98710572.0,3.15,3.15,0.14,1.61
2025-04-09,600713,4.51,4.59,4.61,4.38,197672,92080617.0,5.01,0.0,0.0,1.52
2025-04-10,600713,4.66,4.62,4.67,4.57,187057,89744086.0,2.18,0.65,0.03,1.44
2025-04-11,600713,4.58,4.58,4.64,4.57,131752,62814457.0,1.52,-0.87,-0.04,1.01
2025-04-14,600713,4.6,4.63,4.65,4.58,142066,68016911.0,1.53,1.09,0.05,1.09
2025-04-15,600713,4.64,4.67,4.67,4.6,111672,53729258.0,1.51,0.86,0.04,0.86
2025-04-16,600713,4.66,4.69,4.7,4.58,139516,67171245.0,2.57,0.43,0.02,1.07
2025-04-17,600713,4.66,4.78,4.78,4.65,165493,81307236.0,2.77,1.92,0.09,1.27
2025-04-18,600713,4.77,4.8,4.81,4.75,102409,50705116.0,1.26,0.42,0.02,0.79
2025-04-21,600713,4.79,4.78,4.82,4.76,101036,49997081.0,1.25,-0.42,-0.02,0.78
2025-04-22,600713,4.76,4.89,4.91,4.76,159868,80044747.0,3.14,2.3,0.11,1.23
2025-04-23,600713,4.89,4.82,4.92,4.78,140004,70099258.0,2.86,-1.43,-0.07,1.07
2025-04-24,600713,4.83,4.87,4.89,4.82,100211,50404364.0,1.45,1.04,0.05,0.77
2025-04-25,600713,4.87,4.86,4.9,4.85,68097,34308317.0,1.03,-0.21,-0.01,0.52
2025-04-28,600713,4.87,4.83,4.87,4.81,75179,37659873.0,1.23,-0.62,-0.03,0.58
2025-04-29,600713,4.82,4.87,4.88,4.81,76179,38328993.0,1.45,0.83,0.04,0.58
2025-04-30,600713,4.92,5.04,5.07,4.91,258426,133750365.0,3.29,3.49,0.17,1.98
2025-05-06,600713,5.03,4.97,5.04,4.93,212455,108989918.0,2.18,-1.39,-0.07,1.63
2025-05-07,600713,4.98,4.97,5.01,4.93,143269,73667362.0,1.61,0.0,0.0,1.1
2025-05-08,600713,4.95,5.0,5.06,4.91,170649,87672498.0,3.02,0.6,0.03,1.31
2025-05-09,600713,4.99,4.95,5.01,4.94,108281,55662145.0,1.4,-1.0,-0.05,0.83
2025-05-12,600713,4.95,4.96,4.97,4.93,109955,56306324.0,0.81,0.2,0.01,0.84
2025-05-13,600713,4.97,4.98,5.0,4.95,77020,39644365.0,1.01,0.4,0.02,0.59
2025-05-14,600713,4.99,4.97,4.99,4.92,73229,37523422.0,1.41,-0.2,-0.01,0.56
2025-05-15,600713,4.97,4.99,5.01,4.96,87756,45265467.0,1.01,0.4,0.02,0.67
2025-05-16,600713,5.0,4.97,5.0,4.95,61229,31497203.0,1.0,-0.4,-0.02,0.47
2025-05-19,600713,4.98,4.99,5.01,4.95,68043,35087116.0,1.21,0.4,0.02,0.52
2025-05-20,600713,4.99,5.01,5.02,4.98,76972,39835946.0,0.8,0.4,0.02,0.59
2025-05-21,600713,5.02,5.02,5.07,5.0,88363,45967897.0,1.4,0.2,0.01,0.68
2025-05-22,600713,5.0,4.95,5.01,4.93,91247,46840458.0,1.59,-1.39,-0.07,0.7
2025-05-23,600713,4.94,4.93,5.0,4.92,92560,47561183.0,1.62,-0.4,-0.02,0.71
2025-05-26,600713,4.93,4.87,4.95,4.85,101383,51215463.0,2.03,-1.22,-0.06,0.78
2025-05-27,600713,4.88,4.9,4.92,4.86,78600,39745887.0,1.23,0.62,0.03,0.6
2025-05-28,600713,4.92,4.9,4.93,4.87,64436,32671085.0,1.22,0.0,0.0,0.49
2025-05-29,600713,4.9,4.94,4.95,4.87,77767,39630555.0,1.63,0.82,0.04,0.6
2025-05-30,600713,4.91,5.0,5.01,4.91,113123,58307336.0,2.02,1.21,0.06,0.88
2025-06-03,600713,4.96,5.07,5.08,4.96,146318,76193241.0,2.4,1.4,0.07,1.14
2025-06-04,600713,5.08,5.07,5.09,5.03,105231,55013238.0,1.18,0.0,0.0,0.82
2025-06-05,600713,5.07,5.01,5.1,4.98,110927,57681915.0,2.37,-1.18,-0.06,0.86
2025-06-06,600713,5.03,5.02,5.06,4.98,76998,39909363.0,1.6,0.2,0.01,0.6
2025-06-09,600713,5.03,5.08,5.09,5.02,109550,57272847.0,1.39,1.2,0.06,0.85
2025-06-10,600713,5.09,5.07,5.11,5.02,108219,56741809.0,1.77,-0.2,-0.01,0.84
2025-06-11,600713,5.07,5.08,5.13,5.06,96486,50755389.0,1.38,0.2,0.01,0.75
2025-06-12,600713,5.06,5.07,5.1,5.04,63380,33195300.0,1.18,-0.2,-0.01,0.49
2025-06-13,600713,5.03,5.0,5.09,5.0,99002,51477683.0,1.78,-1.38,-0.07,0.77
2025-06-16,600713,5.01,5.01,5.06,4.99,121506,63198078.0,1.4,0.2,0.01,0.94
2025-06-17,600713,5.03,5.05,5.19,5.02,179959,94611374.0,3.39,0.8,0.04,1.4
2025-06-18,600713,5.03,4.92,5.04,4.91,129771,66476385.0,2.57,-2.57,-0.13,1.01
2025-06-19,600713,4.93,4.88,4.94,4.86,80607,40829843.0,1.63,-0.81,-0.04,0.63
2025-06-20,600713,4.87,4.88,4.91,4.81,88283,44558258.0,2.05,0.0,0.0,0.69
2025-06-23,600713,4.86,4.92,4.96,4.84,69801,35398592.0,2.46,0.82,0.04,0.54
2025-06-24,600713,4.93,5.0,5.01,4.88,101337,52000109.0,2.64,1.63,0.08,0.79
2025-06-25,600713,4.99,5.04,5.05,4.98,80630,41802007.0,1.4,0.8,0.04,0.63
2025-06-26,600713,5.04,5.0,5.04,4.99,64805,33572942.0,0.99,-0.79,-0.04,0.5
2025-06-27,600713,5.0,5.04,5.08,5.0,104235,54380750.0,1.6,0.8,0.04,0.81
2025-06-30,600713,5.07,5.06,5.1,5.04,98806,49975779.0,1.19,0.4,0.02,0.77
2025-07-01,600713,5.06,5.1,5.12,5.06,110663,56347304.0,1.19,0.79,0.04,0.86
2025-07-02,600713,5.1,5.14,5.15,5.08,110570,56613316.0,1.37,0.78,0.04,0.86
2025-07-03,600713,5.12,5.17,5.18,5.12,96517,49838464.0,1.17,0.58,0.03,0.75
2025-07-04,600713,5.18,5.17,5.19,5.15,87725,45350914.0,0.77,0.0,0.0,0.68
2025-07-07,600713,5.17,5.19,5.2,5.16,86390,44751281.0,0.77,0.39,0.02,0.67
2025-07-08,600713,5.19,5.19,5.22,5.15,101336,52520999.0,1.35,0.0,0.0,0.79
2025-07-09,600713,5.19,5.19,5.23,5.17,80216,41741816.0,1.16,0.0,0.0,0.62
2025-07-10,600713,5.2,5.24,5.24,5.19,75236,39293209.0,0.96,0.96,0.05,0.58
2025-07-11,600713,5.24,5.24,5.25,5.2,113277,59273558.0,0.95,0.0,0.0,0.88
2025-07-14,600713,5.24,5.29,5.31,5.23,121183,63993642.0,1.53,0.95,0.05,0.94
2025-07-15,600713,5.29,5.22,5.3,5.18,131817,68838989.0,2.27,-1.32,-0.07,1.02
2025-07-16,600713,5.23,5.3,5.3,5.22,114347,60132161.0,1.53,1.53,0.08,0.89
2025-07-17,600713,5.3,5.29,5.34,5.27,82549,43796811.0,1.32,-0.19,-0.01,0.64
2025-07-18,600713,5.3,5.29,5.32,5.24,88560,46597564.0,1.51,0.0,0.0,0.69
2025-07-21,600713,5.3,5.33,5.34,5.28,99782,53099952.0,1.13,0.76,0.04,0.78
2025-07-22,600713,5.34,5.33,5.35,5.28,80855,42960629.0,1.31,0.0,0.0,0.63
2025-07-23,600713,5.34,5.32,5.36,5.31,84425,45088183.0,0.94,-0.19,-0.01,0.66
2025-07-24,600713,5.31,5.35,5.36,5.31,98984,52810393.0,0.94,0.56,0.03,0.77
2025-07-25,600713,5.35,5.33,5.39,5.33,95214,51048273.0,1.12,-0.37,-0.02,0.74
2025-07-28,600713,5.33,5.32,5.39,5.3,86099,45951302.0,1.69,-0.19,-0.01,0.67
2025-07-29,600713,5.32,5.3,5.33,5.24,101548,53594001.0,1.69,-0.38,-0.02,0.79
2025-07-30,600713,5.28,5.31,5.37,5.28,142960,76199690.0,1.7,0.19,0.01,1.11
2025-07-31,600713,5.29,5.2,5.31,5.18,143314,75090597.0,2.45,-2.07,-0.11,1.11
2025-08-01,600713,5.21,5.29,5.33,5.2,217508,115019148.0,2.5,1.73,0.09,1.69
2025-08-04,600713,5.27,5.27,5.3,5.2,144726,75902543.0,1.89,-0.38,-0.02,1.12
2025-08-05,600713,5.29,5.3,5.32,5.27,98985,52409150.0,0.95,0.57,0.03,0.77
2025-08-06,600713,5.31,5.21,5.32,5.2,135430,70769809.0,2.26,-1.7,-0.09,1.05
2025-08-07,600713,5.22,5.21,5.27,5.2,111239,58127979.0,1.34,0.0,0.0,0.86
2025-08-08,600713,5.21,5.23,5.25,5.18,99053,51709123.0,1.34,0.38,0.02,0.77
2025-08-11,600713,5.24,5.26,5.28,5.2,114263,59933411.0,1.53,0.57,0.03,0.89
2025-08-12,600713,5.27,5.27,5.3,5.24,102625,54115488.0,1.14,0.19,0.01,0.8
2025-08-13,600713,5.28,5.24,5.28,5.21,113999,59768991.0,1.33,-0.57,-0.03,0.89
2025-08-14,600713,5.25,5.17,5.26,5.17,126797,66161066.0,1.72,-1.34,-0.07,0.99
2025-08-15,600713,5.17,5.22,5.22,5.16,102436,53224603.0,1.16,0.97,0.05,0.8
2025-08-18,600713,5.21,5.22,5.25,5.19,126544,66083050.0,1.15,0.0,0.0,0.98
2025-08-19,600713,5.23,5.27,5.29,5.2,153474,80687139.0,1.72,0.96,0.05,1.19
2025-08-20,600713,5.27,5.3,5.3,5.23,115738,61060202.0,1.33,0.57,0.03,0.9
2025-08-21,600713,5.3,5.39,5.43,5.3,181029,96973477.0,2.45,1.7,0.09,1.41
2025-08-22,600713,5.43,5.35,5.45,5.27,227298,121232921.0,3.34,-0.74,-0.04,1.77
2025-08-25,600713,5.33,5.34,5.36,5.29,158197,84304500.0,1.31,-0.19,-0.01,1.23
2025-08-26,600713,5.34,5.35,5.38,5.32,115922,62093964.0,1.12,0.19,0.01,0.9
2025-08-27,600713,5.36,5.22,5.37,5.22,160560,84968595.0,2.8,-2.43,-0.13,1.25
2025-08-28,600713,5.23,5.19,5.26,5.09,177843,92010648.0,3.26,-0.57,-0.03,1.38
2025-08-29,600713,5.19,5.16,5.23,5.15,121865,63208191.0,1.54,-0.58,-0.03,0.95
2025-09-01,600713,5.11,5.0,5.11,4.97,475349,237643335.0,2.71,-3.1,-0.16,3.69
2025-09-02,600713,5.0,4.95,5.01,4.92,251234,124303244.0,1.8,-1.0,-0.05,1.95
2025-09-03,600713,4.96,4.9,4.97,4.88,168680,82854287.0,1.82,-1.01,-0.05,1.31
2025-09-04,600713,4.89,4.92,4.93,4.88,145386,71354325.0,1.02,0.41,0.02,1.13
2025-09-05,600713,4.93,4.94,4.95,4.88,140784,69153147.0,1.42,0.41,0.02,1.09
2025-09-08,600713,4.94,4.97,4.97,4.93,153769,76177910.0,0.81,0.61,0.03,1.19
2025-09-09,600713,4.97,4.97,4.98,4.94,115298,57169895.0,0.8,0.0,0.0,0.9
2025-09-10,600713,4.97,5.01,5.02,4.95,156151,77967333.0,1.41,0.8,0.04,1.21
2025-09-11,600713,5.02,5.03,5.04,4.95,176601,88373465.0,1.8,0.4,0.02,1.37
2025-09-12,600713,5.03,5.08,5.11,5.02,217457,110276970.0,1.79,0.99,0.05,1.69
2025-09-15,600713,5.07,5.03,5.09,5.0,126692,63842185.0,1.77,-0.98,-0.05,0.98
2025-09-16,600713,5.03,5.04,5.06,5.0,108942,54784644.0,1.19,0.2,0.01,0.85
2025-09-17,600713,5.04,5.06,5.07,5.02,121554,61283254.0,0.99,0.4,0.02,0.94
2025-09-18,600713,5.06,5.04,5.08,5.01,156691,79114666.0,1.38,-0.4,-0.02,1.22
2025-09-19,600713,5.03,4.97,5.04,4.95,118979,59221397.0,1.79,-1.39,-0.07,0.92
2025-09-22,600713,4.98,4.95,5.0,4.92,79820,39519520.0,1.61,-0.4,-0.02,0.62
2025-09-23,600713,4.95,4.93,4.95,4.85,140783,68838683.0,2.02,-0.4,-0.02,1.09
2025-09-24,600713,4.91,4.95,4.97,4.88,101378,50090530.0,1.83,0.41,0.02,0.79
2025-09-25,600713,4.95,4.9,4.95,4.88,81770,40161517.0,1.41,-1.01,-0.05,0.64
2025-09-26,600713,4.87,4.88,4.91,4.85,97198,47407124.0,1.22,-0.41,-0.02,0.76
2025-09-29,600713,4.99,4.96,5.05,4.91,212796,105588118.0,2.87,1.64,0.08,1.65
2025-09-30,600713,4.94,4.94,4.98,4.93,119111,58993598.0,1.01,-0.4,-0.02,0.93
2025-10-09,600713,4.96,4.96,4.96,4.9,134557,66386253.0,1.21,0.4,0.02,1.05
2025-10-10,600713,4.96,5.02,5.03,4.94,189065,94545765.0,1.81,1.21,0.06,1.47
2025-10-13,600713,4.95,4.99,5.01,4.91,175536,86697985.0,1.99,-0.6,-0.03,1.36
2025-10-14,600713,4.97,5.01,5.02,4.97,153017,76519235.0,1.0,0.4,0.02,1.19
2025-10-15,600713,5.01,5.03,5.05,4.99,108055,54299211.0,1.2,0.4,0.02,0.84
2025-10-16,600713,5.03,5.02,5.04,5.0,61399,30810857.0,0.8,-0.2,-0.01,0.48
2025-10-17,600713,5.01,4.97,5.03,4.97,80074,40046215.0,1.2,-1.0,-0.05,0.62
2025-10-20,600713,4.99,5.01,5.01,4.95,88442,44031737.0,1.21,0.8,0.04,0.69
2025-10-21,600713,5.0,5.06,5.06,4.99,125800,63392175.0,1.4,1.0,0.05,0.98
2025-10-22,600713,5.06,5.11,5.12,5.04,162672,82871522.0,1.58,0.99,0.05,1.26
2025-10-23,600713,5.11,5.12,5.13,5.08,123571,63122726.0,0.98,0.2,0.01,0.96
2025-10-24,600713,5.12,5.11,5.13,5.08,116143,59322444.0,0.98,-0.2,-0.01,0.9
2025-10-27,600713,5.12,5.1,5.14,5.06,109642,55885537.0,1.57,-0.2,-0.01,0.85
2025-10-28,600713,5.12,5.09,5.13,5.07,64299,32785769.0,1.18,-0.2,-0.01,0.5
2025-10-29,600713,5.09,5.07,5.1,5.04,88139,44609872.0,1.18,-0.39,-0.02,0.68
2025-10-30,600713,5.06,5.05,5.1,5.04,86197,43728180.0,1.18,-0.39,-0.02,0.67
2025-10-31,600713,5.05,5.06,5.07,5.03,101378,51206100.0,0.79,0.2,0.01,0.79
2025-11-03,600713,5.07,5.09,5.11,5.05,119381,60704448.0,1.19,0.59,0.03,0.93
2025-11-04,600713,5.09,5.08,5.09,5.05,75401,38285471.0,0.79,-0.2,-0.01,0.59
2025-11-05,600713,5.07,5.1,5.12,5.06,102032,52030892.0,1.18,0.39,0.02,0.79
2025-11-06,600713,5.11,5.13,5.15,5.08,133055,68061542.0,1.37,0.59,0.03,1.03
2025-11-07,600713,5.12,5.15,5.17,5.11,112469,57915978.0,1.17,0.39,0.02,0.87
2025-11-10,600713,5.15,5.2,5.2,5.13,120707,62438828.0,1.36,0.97,0.05,0.94
2025-11-11,600713,5.2,5.22,5.23,5.15,114053,59310467.0,1.54,0.38,0.02,0.89
2025-11-12,600713,5.22,5.25,5.32,5.21,196637,103421080.0,2.11,0.57,0.03,1.53
2025-11-13,600713,5.25,5.25,5.26,5.21,119385,62492093.0,0.95,0.0,0.0,0.93
2025-11-14,600713,5.23,5.33,5.38,5.23,249212,132708652.0,2.86,1.52,0.08,1.94
2025-11-17,600713,5.34,5.26,5.37,5.25,194330,102853921.0,2.25,-1.31,-0.07,1.51
2025-11-18,600713,5.28,5.21,5.31,5.18,115325,60244159.0,2.47,-0.95,-0.05,0.9
2025-11-19,600713,5.2,5.15,5.2,5.12,101564,52333751.0,1.54,-1.15,-0.06,0.79
2025-11-20,600713,5.15,5.13,5.17,5.08,135252,69333879.0,1.75,-0.39,-0.02,1.05
2025-11-21,600713,5.1,4.97,5.12,4.96,169894,85492385.0,3.12,-3.12,-0.16,1.32
2025-11-24,600713,4.99,4.96,5.01,4.95,101958,50839957.0,1.21,-0.2,-0.01,0.79
2025-11-25,600713,4.97,4.96,5.02,4.95,116316,58011338.0,1.41,0.0,0.0,0.9
2025-11-26,600713,4.97,5.12,5.18,4.97,250359,127826224.0,4.23,3.23,0.16,1.95
2025-11-27,600713,5.1,5.04,5.11,5.01,152387,76911393.0,1.95,-1.56,-0.08,1.18
2025-11-28,600713,5.04,5.06,5.06,5.0,91380,45959627.0,1.19,0.4,0.02,0.71
2025-12-01,600713,5.05,5.09,5.11,5.03,128136,65081697.0,1.58,0.59,0.03,1.0
2025-12-02,600713,5.08,5.17,5.17,5.06,185530,95363040.0,2.16,1.57,0.08,1.44
2025-12-03,600713,5.17,5.22,5.28,5.13,243539,127043644.0,2.9,0.97,0.05,1.89
2025-12-04,600713,5.2,5.19,5.24,5.15,165475,85879626.0,1.72,-0.57,-0.03,1.29
2025-12-05,600713,5.17,5.22,5.23,5.13,131639,68206357.0,1.93,0.58,0.03,1.02
2025-12-08,600713,5.24,5.18,5.24,5.15,200136,103886977.0,1.72,-0.77,-0.04,1.55
2025-12-09,600713,5.18,5.13,5.22,5.11,144737,74647910.0,2.12,-0.97,-0.05,1.13
2025-12-10,600713,5.13,5.31,5.39,5.12,385229,202829800.0,5.26,3.51,0.18,3.0
2025-12-11,600713,5.24,5.19,5.32,5.15,316861,165835872.0,3.2,-2.26,-0.12,2.47
2025-12-12,600713,5.18,5.07,5.2,5.03,331958,168659644.0,3.28,-2.31,-0.12,2.58
2025-12-15,600713,5.05,5.17,5.25,5.01,266391,136985865.0,4.73,1.97,0.1,2.07
2025-12-16,600713,5.18,5.14,5.18,5.09,163432,83986833.0,1.74,-0.58,-0.03,1.27
2025-12-17,600713,5.13,5.27,5.33,5.11,303229,159208039.0,4.28,2.53,0.13,2.36
2025-12-18,600713,5.24,5.43,5.47,5.24,621505,334498993.0,4.36,3.04,0.16,4.84
2025-12-19,600713,5.49,5.43,5.5,5.35,536726,291174500.0,2.76,0.0,0.0,4.18
2025-12-22,600713,5.41,5.38,5.43,5.32,300205,160853868.0,2.03,-0.92,-0.05,2.34
2025-12-23,600713,5.34,5.38,5.42,5.28,316359,169707623.0,2.6,0.0,0.0,2.46
2025-12-24,600713,5.36,5.34,5.4,5.29,205949,109953058.0,2.04,-0.74,-0.04,1.6
2025-12-25,600713,5.34,5.37,5.38,5.3,162572,86887608.0,1.5,0.56,0.03,1.26
2025-12-26,600713,5.35,5.53,5.63,5.34,480434,265041209.0,5.4,2.98,0.16,3.74
2025-12-29,600713,5.53,5.45,5.53,5.4,273797,149071325.0,2.35,-1.45,-0.08,2.13
2025-12-30,600713,5.45,5.38,5.48,5.27,252907,136034315.0,3.85,-1.28,-0.07,1.97
2025-12-31,600713,5.45,5.46,5.55,5.33,197845,107479319.0,4.09,1.49,0.08,1.54
2026-01-05,600713,5.49,5.52,5.69,5.43,360019,198980966.0,4.76,1.1,0.06,2.8
2026-01-06,600713,5.52,5.6,5.67,5.47,307072,171378000.0,3.62,1.45,0.08,2.39
2026-01-07,600713,5.57,5.5,5.59,5.44,231984,127549226.0,2.68,-1.79,-0.1,1.8
2026-01-08,600713,5.48,5.49,5.54,5.45,153147,84102934.0,1.64,-0.18,-0.01,1.19
2026-01-09,600713,5.48,5.52,5.57,5.43,229123,125956920.0,2.55,0.55,0.03,1.78
2026-01-12,600713,5.5,5.43,5.52,5.4,284249,154391744.0,2.17,-1.63,-0.09,2.21
2026-01-13,600713,5.41,5.54,5.57,5.41,379958,209228762.0,2.95,2.03,0.11,2.96
2026-01-14,600713,5.53,5.64,5.79,5.46,661241,372728404.0,5.96,1.81,0.1,5.14
2026-01-15,600713,5.61,5.53,5.65,5.49,283759,158040737.0,2.84,-1.95,-0.11,2.21
2026-01-16,600713,5.56,5.48,5.57,5.37,279702,152703711.0,3.62,-0.9,-0.05,2.18
2026-01-19,600713,5.44,5.52,5.53,5.42,193110,105794820.0,2.01,0.73,0.04,1.5
2026-01-20,600713,5.52,5.48,5.52,5.41,204137,111464732.0,1.99,-0.72,-0.04,1.59
2026-01-21,600713,5.45,5.43,5.5,5.41,141732,77169046.0,1.64,-0.91,-0.05,1.1
2026-01-22,600713,5.44,5.54,5.54,5.4,223477,122318203.0,2.58,2.03,0.11,1.74
2026-01-23,600713,5.55,5.67,5.72,5.55,390850,220847176.0,3.07,2.35,0.13,3.04
2026-01-26,600713,5.66,5.69,5.7,5.6,283263,160062003.0,1.76,0.35,0.02,2.2
2026-01-27,600713,5.68,5.53,5.69,5.46,254690,140734413.0,4.04,-2.81,-0.16,1.98
2026-01-28,600713,5.51,5.49,5.52,5.43,148314,81273435.0,1.63,-0.72,-0.04,1.15
2026-01-29,600713,5.48,5.45,5.5,5.43,123995,67738549.0,1.28,-0.73,-0.04,0.96
2026-01-30,600713,5.43,5.53,5.59,5.43,233859,129493621.0,2.94,1.47,0.08,1.81
2026-02-02,600713,5.51,5.41,5.53,5.41,189655,103657358.0,2.17,-2.17,-0.12,1.47
2026-02-03,600713,5.42,5.43,5.46,5.3,182883,98778525.0,2.96,0.37,0.02,1.42
2026-02-04,600713,5.41,5.54,5.58,5.39,186985,102716918.0,3.5,2.03,0.11,1.45
2026-02-05,600713,5.54,5.53,5.58,5.5,116001,64244455.0,1.44,-0.18,-0.01,0.9
2026-02-06,600713,5.52,5.55,5.65,5.52,164238,91552967.0,2.35,0.36,0.02,1.27
2026-02-09,600713,5.57,5.59,5.6,5.54,111383,61988804.0,1.08,0.72,0.04,0.86
2026-02-10,600713,5.59,5.6,5.61,5.54,114446,63813968.0,1.25,0.18,0.01,0.89
2026-02-11,600713,5.6,5.57,5.61,5.54,89839,49933831.0,1.25,-0.54,-0.03,0.7
2026-02-12,600713,5.58,5.48,5.58,5.46,158657,87343504.0,2.15,-1.62,-0.09,1.23
2026-02-13,600713,5.48,5.43,5.5,5.42,71209,38900404.0,1.46,-0.91,-0.05,0.55
2026-02-24,600713,5.48,5.47,5.5,5.45,108646,59442277.0,0.92,0.74,0.04,0.84
2026-02-25,600713,5.47,5.54,5.56,5.45,134617,74447932.0,2.01,1.28,0.07,1.04
2026-02-26,600713,5.56,5.5,5.56,5.47,125403,68938042.0,1.62,-0.72,-0.04,0.97
2026-02-27,600713,5.5,5.52,5.53,5.46,76957,42311663.0,1.27,0.36,0.02,0.6
2026-03-02,600713,5.5,5.46,5.51,5.38,131825,71916999.0,2.36,-1.09,-0.06,1.02
2026-03-03,600713,5.44,5.38,5.5,5.36,158787,86022546.0,2.56,-1.47,-0.08,1.23
2026-03-04,600713,5.34,5.25,5.36,5.22,142507,75304700.0,2.6,-2.42,-0.13,1.1
2026-03-05,600713,5.29,5.28,5.32,5.25,76427,40401738.0,1.33,0.57,0.03,0.59
2026-03-06,600713,5.25,5.37,5.38,5.25,96579,51518432.0,2.46,1.7,0.09,0.75
2026-03-09,600713,5.34,5.35,5.38,5.29,110671,59105162.0,1.68,-0.37,-0.02,0.86
2026-03-10,600713,5.36,5.35,5.38,5.32,69014,36881266.0,1.12,0.0,0.0,0.54
2026-03-11,600713,5.35,5.36,5.38,5.3,61332,32737313.0,1.5,0.19,0.01,0.48
2026-03-12,600713,5.36,5.39,5.44,5.35,88598,47839023.0,1.68,0.56,0.03,0.69
2026-03-13,600713,5.39,5.43,5.47,5.37,98023,53229714.0,1.86,0.74,0.04,0.76
2026-03-16,600713,5.44,5.36,5.46,5.33,94253,50659654.0,2.39,-1.29,-0.07,0.73
2026-03-17,600713,5.35,5.36,5.44,5.34,86837,46830703.0,1.87,0.0,0.0,0.67
2026-03-18,600713,5.34,5.32,5.36,5.26,91047,48292779.0,1.87,-0.75,-0.04,0.71
2026-03-19,600713,5.3,5.21,5.33,5.2,86598,45516313.0,2.44,-2.07,-0.11,0.67
2026-03-20,600713,5.2,5.17,5.27,5.16,80636,41974569.0,2.11,-0.77,-0.04,0.63
2026-03-23,600713,5.12,4.84,5.12,4.81,187639,92852891.0,6.0,-6.38,-0.33,1.45
2026-03-24,600713,4.91,4.98,4.99,4.87,106515,52640396.0,2.48,2.89,0.14,0.83
2026-03-25,600713,5.0,5.06,5.07,4.97,118363,59517575.0,2.01,1.61,0.08,0.92
2026-03-26,600713,5.06,5.05,5.12,5.02,80589,40827185.0,1.98,-0.2,-0.01,0.62
2026-03-27,600713,5.02,5.09,5.1,5.0,91924,46551150.0,1.98,0.79,0.04,0.71
2026-03-30,600713,5.06,5.18,5.19,5.03,72072,37035101.0,3.14,1.77,0.09,0.56
2026-03-31,600713,5.24,5.28,5.35,5.23,157835,83816883.0,2.29,0.76,0.04,1.22
2026-04-01,600713,5.3,5.41,5.42,5.26,179476,96526460.0,3.03,2.46,0.13,1.39
2026-04-02,600713,5.41,5.49,5.51,5.4,232771,127257364.0,2.03,1.48,0.08,1.8
2026-04-03,600713,5.46,5.61,5.75,5.42,527394,294759065.0,6.01,2.19,0.12,4.09
2026-04-07,600713,5.58,5.66,5.74,5.45,525174,295664606.0,5.17,0.89,0.05,4.07
2026-04-08,600713,5.62,5.79,5.93,5.57,704738,405705717.0,6.36,2.3,0.13,5.46
2026-04-09,600713,5.6,5.5,5.79,5.46,617492,343671201.0,5.7,-5.01,-0.29,4.79
2026-04-10,600713,5.5,6.05,6.05,5.5,1066595,630067757.0,10.0,10.0,0.55,8.27
2026-04-13,600713,6.29,5.86,6.65,5.82,1505269,912900175.0,13.72,-3.14,-0.19,11.67
2026-04-14,600713,5.84,5.97,6.11,5.65,1081006,636480763.0,7.85,1.88,0.11,8.38
2026-04-15,600713,6.0,6.4,6.42,5.83,1320153,816755785.0,9.88,7.2,0.43,10.24
2026-04-16,600713,6.16,6.23,6.27,6.01,1003336,614739172.0,4.06,-2.66,-0.17,7.78
2026-04-17,600713,6.08,5.99,6.12,5.91,597952,357899532.0,3.37,-3.85,-0.24,4.64
